signal_time,coin,tier,regime,hold_h,outcome,pnl_pct,lev_pnl,leverage,is_new
2023-02-01 13:00:00,ATOMUSDT,A,RANGING,4,TARGET,5.981,35.887,6,True
2023-02-01 13:00:00,ATOMUSDT,A,RANGING,12,TARGET,5.981,35.887,6,True
2023-02-01 13:00:00,ATOMUSDT,A,RANGING,24,TARGET,5.981,35.887,6,True
2023-02-07 06:00:00,ATOMUSDT,A,RANGING,4,OPEN,1.524,10.671,7,True
2023-02-07 06:00:00,ATOMUSDT,A,RANGING,12,OPEN,1.324,9.267,7,True
2023-02-07 06:00:00,ATOMUSDT,A,RANGING,24,TARGET,4.97,34.79,7,True
2023-02-10 21:00:00,APTUSDT,B,TRENDING,4,OPEN,-2.134,-6.402,3,True
2023-02-10 21:00:00,APTUSDT,B,TRENDING,12,OPEN,-2.368,-7.104,3,True
2023-02-10 21:00:00,APTUSDT,B,TRENDING,24,OPEN,1.405,4.216,3,True
2023-02-12 18:00:00,SOLUSDT,B,TRENDING,4,OPEN,-3.233,-9.699,3,False
2023-02-12 18:00:00,SOLUSDT,B,TRENDING,12,STOP,-6.857,-20.572,3,False
2023-02-12 18:00:00,SOLUSDT,B,TRENDING,24,STOP,-6.857,-20.572,3,False
2023-02-14 00:00:00,APTUSDT,B,RANGING,4,OPEN,0.285,1.139,4,True
2023-02-14 00:00:00,APTUSDT,B,RANGING,12,OPEN,2.735,10.942,4,True
2023-02-14 00:00:00,APTUSDT,B,RANGING,24,OPEN,3.433,13.73,4,True
2023-02-14 13:00:00,OPUSDT,A,RANGING,4,OPEN,3.108,6.215,2,True
2023-02-14 13:00:00,OPUSDT,A,RANGING,12,OPEN,1.434,2.868,2,True
2023-02-14 13:00:00,OPUSDT,A,RANGING,24,OPEN,7.062,14.125,2,True
2023-02-14 13:00:00,SOLUSDT,A,RANGING,4,OPEN,0.317,1.266,4,False
2023-02-14 13:00:00,SOLUSDT,A,RANGING,12,OPEN,-1.558,-6.232,4,False
2023-02-14 13:00:00,SOLUSDT,A,RANGING,24,OPEN,2.146,8.583,4,False
2023-02-14 13:00:00,NEARUSDT,A,RANGING,4,OPEN,0.927,2.78,3,True
2023-02-14 13:00:00,NEARUSDT,A,RANGING,12,OPEN,-0.24,-0.72,3,True
2023-02-14 13:00:00,NEARUSDT,A,RANGING,24,OPEN,4.113,12.338,3,True
2023-02-17 04:00:00,DOTUSDT,A,TRENDING,4,OPEN,-0.062,-0.185,3,True
2023-02-17 04:00:00,DOTUSDT,A,TRENDING,12,OPEN,9.358,28.074,3,True
2023-02-17 04:00:00,DOTUSDT,A,TRENDING,24,TARGET,10.155,30.464,3,True
2023-02-22 15:00:00,APTUSDT,B,TRENDING,4,OPEN,1.785,7.141,4,True
2023-02-22 15:00:00,APTUSDT,B,TRENDING,12,OPEN,3.198,12.791,4,True
2023-02-22 15:00:00,APTUSDT,B,TRENDING,24,OPEN,0.336,1.342,4,True
2023-02-24 02:00:00,OPUSDT,B,RANGING,4,OPEN,5.283,15.85,3,True
2023-02-24 02:00:00,OPUSDT,B,RANGING,12,OPEN,5.817,17.451,3,True
2023-02-24 02:00:00,OPUSDT,B,RANGING,24,OPEN,-2.845,-8.536,3,True
2023-03-02 03:00:00,LINKUSDT,B,RANGING,4,STOP,-1.198,-31.138,26,True
2023-03-02 03:00:00,LINKUSDT,B,RANGING,12,STOP,-1.198,-31.138,26,True
2023-03-02 03:00:00,LINKUSDT,B,RANGING,24,STOP,-1.198,-31.138,26,True
2023-03-18 12:00:00,OPUSDT,B,TRENDING,4,STOP,-2.294,-27.527,12,True
2023-03-18 12:00:00,OPUSDT,B,TRENDING,12,STOP,-2.294,-27.527,12,True
2023-03-18 12:00:00,OPUSDT,B,TRENDING,24,STOP,-2.294,-27.527,12,True
2023-03-21 11:00:00,NEARUSDT,A,RANGING,4,OPEN,-2.364,-7.092,3,True
2023-03-21 11:00:00,NEARUSDT,A,RANGING,12,OPEN,-1.833,-5.499,3,True
2023-03-21 11:00:00,NEARUSDT,A,RANGING,24,OPEN,-2.461,-7.382,3,True
2023-03-21 21:00:00,DOTUSDT,B,RANGING,4,OPEN,-0.852,-5.113,6,True
2023-03-21 21:00:00,DOTUSDT,B,RANGING,12,OPEN,-2.124,-12.742,6,True
2023-03-21 21:00:00,DOTUSDT,B,RANGING,24,STOP,-4.394,-26.364,6,True
2023-03-21 21:00:00,LINKUSDT,A,RANGING,4,OPEN,0.898,6.283,7,True
2023-03-21 21:00:00,LINKUSDT,A,RANGING,12,OPEN,1.196,8.369,7,True
2023-03-21 21:00:00,LINKUSDT,A,RANGING,24,STOP,-3.582,-25.074,7,True
2023-03-23 17:00:00,APTUSDT,B,RANGING,4,OPEN,1.52,6.082,4,True
2023-03-23 17:00:00,APTUSDT,B,RANGING,12,OPEN,-0.906,-3.623,4,True
2023-03-23 17:00:00,APTUSDT,B,RANGING,24,STOP,-5.43,-21.72,4,True
2023-03-26 00:00:00,APTUSDT,B,TRENDING,4,OPEN,-0.171,-1.371,8,True
2023-03-26 00:00:00,APTUSDT,B,TRENDING,12,OPEN,1.369,10.948,8,True
2023-03-26 00:00:00,APTUSDT,B,TRENDING,24,OPEN,0.667,5.336,8,True
2023-03-26 00:00:00,OPUSDT,B,TRENDING,4,OPEN,-0.047,-0.233,5,True
2023-03-26 00:00:00,OPUSDT,B,TRENDING,12,OPEN,1.373,6.866,5,True
2023-03-26 00:00:00,OPUSDT,B,TRENDING,24,OPEN,0.093,0.463,5,True
2023-04-01 12:00:00,LTCUSDT,A,RANGING,4,OPEN,-0.681,-12.252,18,True
2023-04-01 12:00:00,LTCUSDT,A,RANGING,12,OPEN,-0.713,-12.832,18,True
2023-04-01 12:00:00,LTCUSDT,A,RANGING,24,OPEN,0.427,7.68,18,True
2023-04-01 20:00:00,ATOMUSDT,A,RANGING,4,OPEN,-0.66,-3.958,6,True
2023-04-01 20:00:00,ATOMUSDT,A,RANGING,12,OPEN,-0.039,-0.232,6,True
2023-04-01 20:00:00,ATOMUSDT,A,RANGING,24,STOP,-4.133,-24.797,6,True
2023-04-02 06:00:00,LTCUSDT,B,RANGING,4,OPEN,-0.004,-0.049,11,True
2023-04-02 06:00:00,LTCUSDT,B,RANGING,12,STOP,-2.496,-27.457,11,True
2023-04-02 06:00:00,LTCUSDT,B,RANGING,24,STOP,-2.496,-27.457,11,True
2023-04-05 12:00:00,AVAXUSDT,A,TRENDING,4,OPEN,-1.044,-6.265,6,False
2023-04-05 12:00:00,AVAXUSDT,A,TRENDING,12,OPEN,-0.374,-2.243,6,False
2023-04-05 12:00:00,AVAXUSDT,A,TRENDING,24,OPEN,1.078,6.469,6,False
2023-04-06 14:00:00,INJUSDT,A,RANGING,4,OPEN,0.112,0.223,2,True
2023-04-06 14:00:00,INJUSDT,A,RANGING,12,OPEN,0.639,1.278,2,True
2023-04-06 14:00:00,INJUSDT,A,RANGING,24,OPEN,0.024,0.047,2,True
2023-04-08 22:00:00,ATOMUSDT,B,RANGING,4,OPEN,-0.085,-1.195,14,True
2023-04-08 22:00:00,ATOMUSDT,B,RANGING,12,OPEN,-0.876,-12.264,14,True
2023-04-08 22:00:00,ATOMUSDT,B,RANGING,24,OPEN,-0.058,-0.814,14,True
2023-04-08 23:00:00,APTUSDT,A,RANGING,4,OPEN,-1.172,-5.858,5,True
2023-04-08 23:00:00,APTUSDT,A,RANGING,12,OPEN,-0.367,-1.833,5,True
2023-04-08 23:00:00,APTUSDT,A,RANGING,24,OPEN,-1.19,-5.948,5,True
2023-04-10 18:00:00,INJUSDT,A,TRENDING,4,OPEN,1.265,2.531,2,True
2023-04-10 18:00:00,INJUSDT,A,TRENDING,12,OPEN,2.738,5.476,2,True
2023-04-10 18:00:00,INJUSDT,A,TRENDING,24,OPEN,10.183,20.365,2,True
2023-04-11 19:00:00,INJUSDT,B,TRENDING,4,OPEN,-4.188,-12.564,3,True
2023-04-11 19:00:00,INJUSDT,B,TRENDING,12,OPEN,-2.096,-6.288,3,True
2023-04-11 19:00:00,INJUSDT,B,TRENDING,24,OPEN,-1.949,-5.846,3,True
2023-04-13 13:00:00,APTUSDT,A,RANGING,4,OPEN,-1.092,-2.185,2,True
2023-04-13 13:00:00,APTUSDT,A,RANGING,12,OPEN,1.763,3.525,2,True
2023-04-13 13:00:00,APTUSDT,A,RANGING,24,OPEN,-2.009,-4.018,2,True
2023-04-14 00:00:00,APTUSDT,A,TRENDING,4,OPEN,4.874,24.369,5,True
2023-04-14 00:00:00,APTUSDT,A,TRENDING,12,OPEN,-2.196,-10.979,5,True
2023-04-14 00:00:00,APTUSDT,A,TRENDING,24,OPEN,-0.428,-2.142,5,True
2023-04-14 23:00:00,AVAXUSDT,A,TRENDING,4,OPEN,-0.276,-1.658,6,False
2023-04-14 23:00:00,AVAXUSDT,A,TRENDING,12,OPEN,-0.266,-1.596,6,False
2023-04-14 23:00:00,AVAXUSDT,A,TRENDING,24,OPEN,-0.777,-4.664,6,False
2023-04-16 00:00:00,ATOMUSDT,A,RANGING,4,OPEN,0.777,4.662,6,True
2023-04-16 00:00:00,ATOMUSDT,A,RANGING,12,OPEN,-0.098,-0.588,6,True
2023-04-16 00:00:00,ATOMUSDT,A,RANGING,24,OPEN,1.628,9.77,6,True
2023-04-16 00:00:00,INJUSDT,A,RANGING,4,OPEN,2.422,4.845,2,True
2023-04-16 00:00:00,INJUSDT,A,RANGING,12,OPEN,0.675,1.35,2,True
2023-04-16 00:00:00,INJUSDT,A,RANGING,24,OPEN,10.421,20.842,2,True
2023-04-18 05:00:00,INJUSDT,B,TRENDING,4,OPEN,-0.653,-3.917,6,True
2023-04-18 05:00:00,INJUSDT,B,TRENDING,12,STOP,-4.026,-24.158,6,True
2023-04-18 05:00:00,INJUSDT,B,TRENDING,24,STOP,-4.026,-24.158,6,True
2023-04-19 21:00:00,DOTUSDT,B,TRENDING,4,OPEN,1.169,11.694,10,True
2023-04-19 21:00:00,DOTUSDT,B,TRENDING,12,OPEN,0.267,2.669,10,True
2023-04-19 21:00:00,DOTUSDT,B,TRENDING,24,STOP,-2.551,-25.51,10,True
2023-04-25 13:00:00,INJUSDT,B,RANGING,4,OPEN,0.243,2.19,9,True
2023-04-25 13:00:00,INJUSDT,B,RANGING,12,TARGET,3.521,31.689,9,True
2023-04-25 13:00:00,INJUSDT,B,RANGING,24,TARGET,3.521,31.689,9,True
2023-04-30 08:00:00,ATOMUSDT,B,RANGING,4,OPEN,-0.391,-3.129,8,True
2023-04-30 08:00:00,ATOMUSDT,B,RANGING,12,STOP,-3.131,-25.048,8,True
2023-04-30 08:00:00,ATOMUSDT,B,RANGING,24,STOP,-3.131,-25.048,8,True
2023-04-30 15:00:00,LTCUSDT,A,RANGING,4,STOP,-0.959,-32.613,34,True
2023-04-30 15:00:00,LTCUSDT,A,RANGING,12,STOP,-0.959,-32.613,34,True
2023-04-30 15:00:00,LTCUSDT,A,RANGING,24,STOP,-0.959,-32.613,34,True
2023-04-30 15:00:00,BNBUSDT,B,RANGING,4,OPEN,1.453,8.72,6,False
2023-04-30 15:00:00,BNBUSDT,B,RANGING,12,OPEN,0.137,0.82,6,False
2023-04-30 15:00:00,BNBUSDT,B,RANGING,24,OPEN,-0.948,-5.687,6,False
2023-04-30 15:00:00,ATOMUSDT,A,RANGING,4,STOP,-2.175,-26.099,12,True
2023-04-30 15:00:00,ATOMUSDT,A,RANGING,12,STOP,-2.175,-26.099,12,True
2023-04-30 15:00:00,ATOMUSDT,A,RANGING,24,STOP,-2.175,-26.099,12,True
2023-04-30 15:00:00,LINKUSDT,B,RANGING,4,STOP,-1.454,-29.079,20,True
2023-04-30 15:00:00,LINKUSDT,B,RANGING,12,STOP,-1.454,-29.079,20,True
2023-04-30 15:00:00,LINKUSDT,B,RANGING,24,STOP,-1.454,-29.079,20,True
2023-04-30 15:00:00,APTUSDT,A,RANGING,4,STOP,-1.609,-28.968,18,True
2023-04-30 15:00:00,APTUSDT,A,RANGING,12,STOP,-1.609,-28.968,18,True
2023-04-30 15:00:00,APTUSDT,A,RANGING,24,STOP,-1.609,-28.968,18,True
2023-05-03 18:00:00,ATOMUSDT,B,RANGING,4,OPEN,0.829,9.122,11,True
2023-05-03 18:00:00,ATOMUSDT,B,RANGING,12,OPEN,1.094,12.037,11,True
2023-05-03 18:00:00,ATOMUSDT,B,RANGING,24,OPEN,-0.203,-2.237,11,True
2023-05-03 18:00:00,AVAXUSDT,A,RANGING,4,OPEN,0.239,1.197,5,False
2023-05-03 18:00:00,AVAXUSDT,A,RANGING,12,OPEN,-0.298,-1.492,5,False
2023-05-03 18:00:00,AVAXUSDT,A,RANGING,24,OPEN,-1.427,-7.133,5,False
2023-05-03 18:00:00,INJUSDT,B,RANGING,4,TARGET,4.015,32.117,8,True
2023-05-03 18:00:00,INJUSDT,B,RANGING,12,TARGET,4.015,32.117,8,True
2023-05-03 18:00:00,INJUSDT,B,RANGING,24,TARGET,4.015,32.117,8,True
2023-05-03 18:00:00,LINKUSDT,A,RANGING,4,OPEN,0.979,8.815,9,True
2023-05-03 18:00:00,LINKUSDT,A,RANGING,12,OPEN,0.129,1.159,9,True
2023-05-03 18:00:00,LINKUSDT,A,RANGING,24,OPEN,-1.19,-10.708,9,True
2023-05-11 08:00:00,MATICUSDT,B,TRENDING,4,OPEN,-2.169,-13.013,6,False
2023-05-11 08:00:00,MATICUSDT,B,TRENDING,12,OPEN,-2.82,-16.917,6,False
2023-05-11 08:00:00,MATICUSDT,B,TRENDING,24,STOP,-4.323,-25.94,6,False
2023-05-11 12:00:00,DOTUSDT,B,TRENDING,4,OPEN,-1.557,-14.011,9,True
2023-05-11 12:00:00,DOTUSDT,B,TRENDING,12,STOP,-2.742,-24.678,9,True
2023-05-11 12:00:00,DOTUSDT,B,TRENDING,24,STOP,-2.742,-24.678,9,True
2023-05-13 18:00:00,SOLUSDT,A,RANGING,4,STOP,-1.673,-28.44,17,False
2023-05-13 18:00:00,SOLUSDT,A,RANGING,12,STOP,-1.673,-28.44,17,False
2023-05-13 18:00:00,SOLUSDT,A,RANGING,24,STOP,-1.673,-28.44,17,False
2023-05-13 18:00:00,APTUSDT,B,RANGING,4,OPEN,-0.698,-9.071,13,True
2023-05-13 18:00:00,APTUSDT,B,RANGING,12,STOP,-2.118,-27.534,13,True
2023-05-13 18:00:00,APTUSDT,B,RANGING,24,STOP,-2.118,-27.534,13,True
2023-05-16 05:00:00,LTCUSDT,B,TRENDING,4,OPEN,0.435,3.048,7,True
2023-05-16 05:00:00,LTCUSDT,B,TRENDING,12,OPEN,0.154,1.078,7,True
2023-05-16 05:00:00,LTCUSDT,B,TRENDING,24,TARGET,4.893,34.252,7,True
2023-05-16 23:00:00,LTCUSDT,B,RANGING,4,OPEN,-0.82,-4.101,5,True
2023-05-16 23:00:00,LTCUSDT,B,RANGING,12,OPEN,-1.401,-7.003,5,True
2023-05-16 23:00:00,LTCUSDT,B,RANGING,24,OPEN,0.19,0.95,5,True
2023-05-17 18:00:00,INJUSDT,B,RANGING,4,OPEN,-1.705,-3.409,2,True
2023-05-17 18:00:00,INJUSDT,B,RANGING,12,OPEN,-1.779,-3.559,2,True
2023-05-17 18:00:00,INJUSDT,B,RANGING,24,OPEN,-4.769,-9.537,2,True
2023-05-25 06:00:00,MATICUSDT,B,TRENDING,4,OPEN,0.692,4.154,6,False
2023-05-25 06:00:00,MATICUSDT,B,TRENDING,12,OPEN,1.033,6.2,6,False
2023-05-25 06:00:00,MATICUSDT,B,TRENDING,24,OPEN,1.931,11.588,6,False
2023-05-25 12:00:00,INJUSDT,B,TRENDING,4,OPEN,-1.04,-4.159,4,True
2023-05-25 12:00:00,INJUSDT,B,TRENDING,12,OPEN,-1.604,-6.417,4,True
2023-05-25 12:00:00,INJUSDT,B,TRENDING,24,OPEN,2.411,9.642,4,True
2023-05-25 19:00:00,AVAXUSDT,B,TRENDING,4,OPEN,-0.694,-14.572,21,False
2023-05-25 19:00:00,AVAXUSDT,B,TRENDING,12,OPEN,-0.077,-1.611,21,False
2023-05-25 19:00:00,AVAXUSDT,B,TRENDING,24,TARGET,1.515,31.822,21,False
2023-05-27 04:00:00,NEARUSDT,B,RANGING,4,OPEN,-0.679,-10.183,15,True
2023-05-27 04:00:00,NEARUSDT,B,RANGING,12,OPEN,-0.24,-3.598,15,True
2023-05-27 04:00:00,NEARUSDT,B,RANGING,24,TARGET,2.1,31.502,15,True
2023-05-30 03:00:00,LTCUSDT,B,RANGING,4,OPEN,0.781,17.173,22,True
2023-05-30 03:00:00,LTCUSDT,B,RANGING,12,TARGET,1.41,31.012,22,True
2023-05-30 03:00:00,LTCUSDT,B,RANGING,24,TARGET,1.41,31.012,22,True
2023-06-02 00:00:00,INJUSDT,B,TRENDING,4,OPEN,3.055,9.165,3,True
2023-06-02 00:00:00,INJUSDT,B,TRENDING,12,OPEN,3.16,9.479,3,True
2023-06-02 00:00:00,INJUSDT,B,TRENDING,24,OPEN,2.519,7.557,3,True
2023-06-02 20:00:00,NEARUSDT,A,RANGING,4,OPEN,-0.426,-4.256,10,True
2023-06-02 20:00:00,NEARUSDT,A,RANGING,12,OPEN,-0.116,-1.161,10,True
2023-06-02 20:00:00,NEARUSDT,A,RANGING,24,OPEN,0.255,2.553,10,True
2023-06-03 07:00:00,DOTUSDT,B,RANGING,4,OPEN,-0.183,-2.932,16,True
2023-06-03 07:00:00,DOTUSDT,B,RANGING,12,OPEN,-0.41,-6.557,16,True
2023-06-03 07:00:00,DOTUSDT,B,RANGING,24,OPEN,1.271,20.334,16,True
2023-06-03 07:00:00,INJUSDT,B,RANGING,4,OPEN,-1.316,-10.531,8,True
2023-06-03 07:00:00,INJUSDT,B,RANGING,12,OPEN,-1.079,-8.628,8,True
2023-06-03 07:00:00,INJUSDT,B,RANGING,24,STOP,-3.355,-26.837,8,True
2023-06-03 08:00:00,INJUSDT,A,RANGING,4,OPEN,-0.014,-0.123,9,True
2023-06-03 08:00:00,INJUSDT,A,RANGING,12,OPEN,0.062,0.555,9,True
2023-06-03 08:00:00,INJUSDT,A,RANGING,24,STOP,-2.977,-26.795,9,True
2023-06-03 16:00:00,ATOMUSDT,A,RANGING,4,OPEN,-0.006,-0.087,15,True
2023-06-03 16:00:00,ATOMUSDT,A,RANGING,12,OPEN,0.837,12.555,15,True
2023-06-03 16:00:00,ATOMUSDT,A,RANGING,24,OPEN,0.565,8.482,15,True
2023-06-04 04:00:00,APTUSDT,A,RANGING,4,OPEN,1.002,9.021,9,True
2023-06-04 04:00:00,APTUSDT,A,RANGING,12,TARGET,3.753,33.78,9,True
2023-06-04 04:00:00,APTUSDT,A,RANGING,24,TARGET,3.753,33.78,9,True
2023-06-04 11:00:00,APTUSDT,A,RANGING,4,OPEN,0.246,1.476,6,True
2023-06-04 11:00:00,APTUSDT,A,RANGING,12,STOP,-3.983,-23.901,6,True
2023-06-04 11:00:00,APTUSDT,A,RANGING,24,STOP,-3.983,-23.901,6,True
2023-06-09 07:00:00,ARBUSDT,B,RANGING,4,OPEN,-0.301,-2.409,8,False
2023-06-09 07:00:00,ARBUSDT,B,RANGING,12,OPEN,-1.185,-9.479,8,False
2023-06-09 07:00:00,ARBUSDT,B,RANGING,24,STOP,-3.351,-26.807,8,False
2023-06-11 19:00:00,APTUSDT,A,RANGING,4,OPEN,-1.891,-5.672,3,True
2023-06-11 19:00:00,APTUSDT,A,RANGING,12,OPEN,-0.02,-0.059,3,True
2023-06-11 19:00:00,APTUSDT,A,RANGING,24,OPEN,-1.718,-5.153,3,True
2023-06-13 07:00:00,ARBUSDT,B,RANGING,4,OPEN,-2.012,-10.058,5,False
2023-06-13 07:00:00,ARBUSDT,B,RANGING,12,OPEN,-2.259,-11.295,5,False
2023-06-13 07:00:00,ARBUSDT,B,RANGING,24,OPEN,-1.774,-8.87,5,False
2023-06-13 20:00:00,BNBUSDT,A,RANGING,4,OPEN,3.084,21.59,7,False
2023-06-13 20:00:00,BNBUSDT,A,RANGING,12,OPEN,2.848,19.938,7,False
2023-06-13 20:00:00,BNBUSDT,A,RANGING,24,STOP,-3.651,-25.558,7,False
2023-06-13 20:00:00,OPUSDT,B,RANGING,4,OPEN,1.142,7.996,7,True
2023-06-13 20:00:00,OPUSDT,B,RANGING,12,OPEN,0.854,5.975,7,True
2023-06-13 20:00:00,OPUSDT,B,RANGING,24,STOP,-3.463,-24.244,7,True
2023-06-14 05:00:00,INJUSDT,A,RANGING,4,OPEN,2.233,11.163,5,True
2023-06-14 05:00:00,INJUSDT,A,RANGING,12,OPEN,1.474,7.372,5,True
2023-06-14 05:00:00,INJUSDT,A,RANGING,24,STOP,-5.167,-25.837,5,True
2023-06-18 07:00:00,APTUSDT,A,RANGING,4,OPEN,-1.778,-12.445,7,True
2023-06-18 07:00:00,APTUSDT,A,RANGING,12,STOP,-3.715,-26.002,7,True
2023-06-18 07:00:00,APTUSDT,A,RANGING,24,STOP,-3.715,-26.002,7,True
2023-06-19 16:00:00,INJUSDT,A,RANGING,4,OPEN,-0.403,-2.015,5,True
2023-06-19 16:00:00,INJUSDT,A,RANGING,12,OPEN,1.0,4.998,5,True
2023-06-19 16:00:00,INJUSDT,A,RANGING,24,TARGET,6.691,33.457,5,True
2023-06-21 16:00:00,APTUSDT,B,TRENDING,4,OPEN,-0.466,-1.864,4,True
2023-06-21 16:00:00,APTUSDT,B,TRENDING,12,OPEN,0.851,3.402,4,True
2023-06-21 16:00:00,APTUSDT,B,TRENDING,24,OPEN,0.332,1.328,4,True
2023-06-23 12:00:00,OPUSDT,A,RANGING,4,OPEN,0.415,2.074,5,True
2023-06-23 12:00:00,OPUSDT,A,RANGING,12,OPEN,-2.546,-12.728,5,True
2023-06-23 12:00:00,OPUSDT,A,RANGING,24,STOP,-4.782,-23.911,5,True
2023-06-24 07:00:00,NEARUSDT,B,RANGING,4,OPEN,-1.149,-5.744,5,True
2023-06-24 07:00:00,NEARUSDT,B,RANGING,12,OPEN,-2.337,-11.687,5,True
2023-06-24 07:00:00,NEARUSDT,B,RANGING,24,OPEN,1.578,7.89,5,True
2023-06-30 00:00:00,ARBUSDT,B,RANGING,4,OPEN,0.208,1.038,5,False
2023-06-30 00:00:00,ARBUSDT,B,RANGING,12,STOP,-4.566,-22.829,5,False
2023-06-30 00:00:00,ARBUSDT,B,RANGING,24,STOP,-4.566,-22.829,5,False
2023-06-30 00:00:00,INJUSDT,A,RANGING,4,OPEN,-1.179,-4.715,4,True
2023-06-30 00:00:00,INJUSDT,A,RANGING,12,STOP,-5.607,-22.426,4,True
2023-06-30 00:00:00,INJUSDT,A,RANGING,24,STOP,-5.607,-22.426,4,True
2023-06-30 00:00:00,SOLUSDT,A,RANGING,4,OPEN,0.209,0.835,4,False
2023-06-30 00:00:00,SOLUSDT,A,RANGING,12,STOP,-6.344,-25.376,4,False
2023-06-30 00:00:00,SOLUSDT,A,RANGING,24,STOP,-6.344,-25.376,4,False
2023-07-01 08:00:00,DOTUSDT,B,RANGING,4,OPEN,-0.278,-1.665,6,True
2023-07-01 08:00:00,DOTUSDT,B,RANGING,12,OPEN,0.061,0.369,6,True
2023-07-01 08:00:00,DOTUSDT,B,RANGING,24,OPEN,-1.106,-6.636,6,True
2023-07-01 08:00:00,LTCUSDT,B,RANGING,4,OPEN,-1.167,-5.837,5,True
2023-07-01 08:00:00,LTCUSDT,B,RANGING,12,OPEN,-1.121,-5.603,5,True
2023-07-01 08:00:00,LTCUSDT,B,RANGING,24,TARGET,6.047,30.233,5,True
2023-07-01 10:00:00,APTUSDT,B,RANGING,4,OPEN,0.34,2.377,7,True
2023-07-01 10:00:00,APTUSDT,B,RANGING,12,OPEN,1.03,7.207,7,True
2023-07-01 10:00:00,APTUSDT,B,RANGING,24,OPEN,0.133,0.929,7,True
2023-07-02 02:00:00,LINKUSDT,B,RANGING,4,OPEN,-0.738,-3.69,5,True
2023-07-02 02:00:00,LINKUSDT,B,RANGING,12,OPEN,-0.006,-0.032,5,True
2023-07-02 02:00:00,LINKUSDT,B,RANGING,24,OPEN,2.08,10.399,5,True
2023-07-03 03:00:00,AVAXUSDT,B,RANGING,4,OPEN,-0.481,-2.886,6,False
2023-07-03 03:00:00,AVAXUSDT,B,RANGING,12,OPEN,-0.677,-4.061,6,False
2023-07-03 03:00:00,AVAXUSDT,B,RANGING,24,OPEN,-0.097,-0.58,6,False
2023-07-04 15:00:00,ARBUSDT,A,RANGING,4,STOP,-0.902,-33.358,37,False
2023-07-04 15:00:00,ARBUSDT,A,RANGING,12,STOP,-0.902,-33.358,37,False
2023-07-04 15:00:00,ARBUSDT,A,RANGING,24,STOP,-0.902,-33.358,37,False
2023-07-06 00:00:00,SOLUSDT,A,TRENDING,4,OPEN,0.482,1.927,4,False
2023-07-06 00:00:00,SOLUSDT,A,TRENDING,12,OPEN,-1.315,-5.259,4,False
2023-07-06 00:00:00,SOLUSDT,A,TRENDING,24,OPEN,3.808,15.234,4,False
2023-07-08 00:00:00,MATICUSDT,B,RANGING,4,OPEN,-0.957,-8.617,9,False
2023-07-08 00:00:00,MATICUSDT,B,RANGING,12,OPEN,-0.518,-4.663,9,False
2023-07-08 00:00:00,MATICUSDT,B,RANGING,24,OPEN,0.229,2.059,9,False
2023-07-08 00:00:00,AVAXUSDT,A,RANGING,4,TARGET,5.675,34.049,6,False
2023-07-08 00:00:00,AVAXUSDT,A,RANGING,12,TARGET,5.675,34.049,6,False
2023-07-08 00:00:00,AVAXUSDT,A,RANGING,24,TARGET,5.675,34.049,6,False
2023-07-08 00:00:00,DOTUSDT,A,RANGING,4,OPEN,-0.608,-6.686,11,True
2023-07-08 00:00:00,DOTUSDT,A,RANGING,12,OPEN,-0.124,-1.36,11,True
2023-07-08 00:00:00,DOTUSDT,A,RANGING,24,OPEN,-0.414,-4.556,11,True
2023-07-08 00:00:00,ARBUSDT,B,RANGING,4,OPEN,-1.065,-7.453,7,False
2023-07-08 00:00:00,ARBUSDT,B,RANGING,12,OPEN,-0.933,-6.532,7,False
2023-07-08 00:00:00,ARBUSDT,B,RANGING,24,OPEN,-0.758,-5.303,7,False
2023-07-09 01:00:00,APTUSDT,A,RANGING,4,OPEN,-1.305,-7.83,6,True
2023-07-09 01:00:00,APTUSDT,A,RANGING,12,OPEN,-0.408,-2.448,6,True
2023-07-09 01:00:00,APTUSDT,A,RANGING,24,STOP,-4.086,-24.515,6,True
2023-07-10 12:00:00,APTUSDT,A,RANGING,4,OPEN,0.945,4.725,5,True
2023-07-10 12:00:00,APTUSDT,A,RANGING,12,OPEN,-0.268,-1.34,5,True
2023-07-10 12:00:00,APTUSDT,A,RANGING,24,OPEN,-1.65,-8.252,5,True
2023-07-10 12:00:00,MATICUSDT,A,RANGING,4,OPEN,4.08,16.318,4,False
2023-07-10 12:00:00,MATICUSDT,A,RANGING,12,OPEN,4.305,17.221,4,False
2023-07-10 12:00:00,MATICUSDT,A,RANGING,24,OPEN,4.757,19.028,4,False
2023-07-11 16:00:00,OPUSDT,B,RANGING,4,OPEN,-0.15,-1.647,11,True
2023-07-11 16:00:00,OPUSDT,B,RANGING,12,OPEN,0.572,6.288,11,True
2023-07-11 16:00:00,OPUSDT,B,RANGING,24,TARGET,3.054,33.59,11,True
2023-07-11 22:00:00,LINKUSDT,A,RANGING,4,OPEN,0.065,0.845,13,True
2023-07-11 22:00:00,LINKUSDT,A,RANGING,12,OPEN,0.514,6.686,13,True
2023-07-11 22:00:00,LINKUSDT,A,RANGING,24,OPEN,0.065,0.845,13,True
2023-07-12 00:00:00,SOLUSDT,A,RANGING,4,OPEN,0.046,0.697,15,False
2023-07-12 00:00:00,SOLUSDT,A,RANGING,12,TARGET,2.205,33.071,15,False
2023-07-12 00:00:00,SOLUSDT,A,RANGING,24,TARGET,2.205,33.071,15,False
2023-07-12 05:00:00,INJUSDT,A,RANGING,4,OPEN,-0.46,-3.218,7,True
2023-07-12 05:00:00,INJUSDT,A,RANGING,12,OPEN,-2.463,-17.242,7,True
2023-07-12 05:00:00,INJUSDT,A,RANGING,24,STOP,-3.705,-25.934,7,True
2023-07-12 06:00:00,LTCUSDT,B,RANGING,4,OPEN,-0.662,-7.279,11,True
2023-07-12 06:00:00,LTCUSDT,B,RANGING,12,STOP,-2.367,-26.035,11,True
2023-07-12 06:00:00,LTCUSDT,B,RANGING,24,STOP,-2.367,-26.035,11,True
2023-07-16 09:00:00,ARBUSDT,B,TRENDING,4,OPEN,-1.46,-5.841,4,False
2023-07-16 09:00:00,ARBUSDT,B,TRENDING,12,OPEN,-2.55,-10.201,4,False
2023-07-16 09:00:00,ARBUSDT,B,TRENDING,24,OPEN,-1.123,-4.49,4,False
2023-07-17 05:00:00,SOLUSDT,A,RANGING,4,STOP,-2.803,-25.223,9,False
2023-07-17 05:00:00,SOLUSDT,A,RANGING,12,STOP,-2.803,-25.223,9,False
2023-07-17 05:00:00,SOLUSDT,A,RANGING,24,STOP,-2.803,-25.223,9,False
2023-07-20 06:00:00,NEARUSDT,A,RANGING,4,OPEN,1.808,5.424,3,True
2023-07-20 06:00:00,NEARUSDT,A,RANGING,12,OPEN,-3.568,-10.704,3,True
2023-07-20 06:00:00,NEARUSDT,A,RANGING,24,OPEN,-4.336,-13.008,3,True
2023-07-21 16:00:00,LTCUSDT,A,RANGING,4,OPEN,-0.324,-2.271,7,True
2023-07-21 16:00:00,LTCUSDT,A,RANGING,12,OPEN,-0.472,-3.307,7,True
2023-07-21 16:00:00,LTCUSDT,A,RANGING,24,OPEN,-1.529,-10.706,7,True
2023-07-27 05:00:00,BNBUSDT,A,TRENDING,4,OPEN,-0.318,-3.818,12,False
2023-07-27 05:00:00,BNBUSDT,A,TRENDING,12,OPEN,-1.113,-13.361,12,False
2023-07-27 05:00:00,BNBUSDT,A,TRENDING,24,OPEN,-0.776,-9.306,12,False
2023-07-29 00:00:00,AVAXUSDT,B,RANGING,4,OPEN,-0.684,-10.265,15,False
2023-07-29 00:00:00,AVAXUSDT,B,RANGING,12,OPEN,-0.722,-10.83,15,False
2023-07-29 00:00:00,AVAXUSDT,B,RANGING,24,OPEN,0.182,2.73,15,False
2023-08-01 00:00:00,LINKUSDT,B,RANGING,4,STOP,-0.726,-37.01,51,True
2023-08-01 00:00:00,LINKUSDT,B,RANGING,12,STOP,-0.726,-37.01,51,True
2023-08-01 00:00:00,LINKUSDT,B,RANGING,24,STOP,-0.726,-37.01,51,True
2023-08-01 00:00:00,INJUSDT,A,RANGING,4,STOP,-0.739,-36.954,50,True
2023-08-01 00:00:00,INJUSDT,A,RANGING,12,STOP,-0.739,-36.954,50,True
2023-08-01 00:00:00,INJUSDT,A,RANGING,24,STOP,-0.739,-36.954,50,True
2023-08-08 06:00:00,BNBUSDT,A,RANGING,4,OPEN,0.282,5.635,20,False
2023-08-08 06:00:00,BNBUSDT,A,RANGING,12,TARGET,1.557,31.143,20,False
2023-08-08 06:00:00,BNBUSDT,A,RANGING,24,TARGET,1.557,31.143,20,False
2023-08-08 09:00:00,APTUSDT,B,RANGING,4,OPEN,-0.329,-1.647,5,True
2023-08-08 09:00:00,APTUSDT,B,RANGING,12,OPEN,-0.046,-0.229,5,True
2023-08-08 09:00:00,APTUSDT,B,RANGING,24,OPEN,0.522,2.608,5,True
2023-08-10 22:00:00,INJUSDT,B,RANGING,4,OPEN,-0.175,-2.626,15,True
2023-08-10 22:00:00,INJUSDT,B,RANGING,12,OPEN,0.006,0.094,15,True
2023-08-10 22:00:00,INJUSDT,B,RANGING,24,OPEN,-0.499,-7.485,15,True
2023-08-11 00:00:00,INJUSDT,B,RANGING,4,TARGET,0.782,28.163,36,True
2023-08-11 00:00:00,INJUSDT,B,RANGING,12,TARGET,0.782,28.163,36,True
2023-08-11 00:00:00,INJUSDT,B,RANGING,24,TARGET,0.782,28.163,36,True
2023-08-11 22:00:00,SOLUSDT,B,RANGING,4,OPEN,-1.41,-15.507,11,False
2023-08-11 22:00:00,SOLUSDT,B,RANGING,12,OPEN,-1.01,-11.114,11,False
2023-08-11 22:00:00,SOLUSDT,B,RANGING,24,OPEN,0.301,3.307,11,False
2023-08-11 23:00:00,ETHUSDT,B,RANGING,4,OPEN,-0.341,-6.829,20,False
2023-08-11 23:00:00,ETHUSDT,B,RANGING,12,OPEN,-0.129,-2.583,20,False
2023-08-11 23:00:00,ETHUSDT,B,RANGING,24,OPEN,-0.109,-2.183,20,False
2023-08-11 23:00:00,BNBUSDT,A,RANGING,4,OPEN,-0.373,-6.34,17,False
2023-08-11 23:00:00,BNBUSDT,A,RANGING,12,OPEN,-0.082,-1.392,17,False
2023-08-11 23:00:00,BNBUSDT,A,RANGING,24,OPEN,-0.182,-3.088,17,False
2023-08-12 07:00:00,ARBUSDT,B,RANGING,4,OPEN,0.096,2.787,29,False
2023-08-12 07:00:00,ARBUSDT,B,RANGING,12,OPEN,0.079,2.287,29,False
2023-08-12 07:00:00,ARBUSDT,B,RANGING,24,OPEN,0.243,7.033,29,False
2023-08-13 09:00:00,ATOMUSDT,B,RANGING,4,OPEN,-0.406,-8.516,21,True
2023-08-13 09:00:00,ATOMUSDT,B,RANGING,12,STOP,-1.41,-29.611,21,True
2023-08-13 09:00:00,ATOMUSDT,B,RANGING,24,STOP,-1.41,-29.611,21,True
2023-08-15 00:00:00,DOTUSDT,A,RANGING,4,STOP,-0.779,-35.834,46,True
2023-08-15 00:00:00,DOTUSDT,A,RANGING,12,STOP,-0.779,-35.834,46,True
2023-08-15 00:00:00,DOTUSDT,A,RANGING,24,STOP,-0.779,-35.834,46,True
2023-08-15 14:00:00,AVAXUSDT,B,RANGING,4,STOP,-0.446,-44.639,100,False
2023-08-15 14:00:00,AVAXUSDT,B,RANGING,12,STOP,-0.446,-44.639,100,False
2023-08-15 14:00:00,AVAXUSDT,B,RANGING,24,STOP,-0.446,-44.639,100,False
2023-08-16 00:00:00,ARBUSDT,A,RANGING,4,OPEN,-0.999,-10.994,11,False
2023-08-16 00:00:00,ARBUSDT,A,RANGING,12,STOP,-2.444,-26.884,11,False
2023-08-16 00:00:00,ARBUSDT,A,RANGING,24,STOP,-2.444,-26.884,11,False
2023-08-17 04:00:00,DOTUSDT,A,TRENDING,4,OPEN,0.455,1.819,4,True
2023-08-17 04:00:00,DOTUSDT,A,TRENDING,12,OPEN,-1.313,-5.254,4,True
2023-08-17 04:00:00,DOTUSDT,A,TRENDING,24,STOP,-5.64,-22.561,4,True
2023-08-20 10:00:00,ATOMUSDT,A,RANGING,4,OPEN,-1.587,-14.286,9,True
2023-08-20 10:00:00,ATOMUSDT,A,RANGING,12,OPEN,-0.647,-5.82,9,True
2023-08-20 10:00:00,ATOMUSDT,A,RANGING,24,STOP,-2.915,-26.231,9,True
2023-08-20 10:00:00,AVAXUSDT,A,RANGING,4,OPEN,-0.726,-9.44,13,False
2023-08-20 10:00:00,AVAXUSDT,A,RANGING,12,OPEN,-0.717,-9.32,13,False
2023-08-20 10:00:00,AVAXUSDT,A,RANGING,24,STOP,-2.136,-27.765,13,False
2023-08-25 13:00:00,LINKUSDT,B,RANGING,4,TARGET,0.584,26.282,45,True
2023-08-25 13:00:00,LINKUSDT,B,RANGING,12,TARGET,0.584,26.282,45,True
2023-08-25 13:00:00,LINKUSDT,B,RANGING,24,TARGET,0.584,26.282,45,True
2023-08-25 13:00:00,ETHUSDT,B,RANGING,4,STOP,-0.871,-33.957,39,False
2023-08-25 13:00:00,ETHUSDT,B,RANGING,12,STOP,-0.871,-33.957,39,False
2023-08-25 13:00:00,ETHUSDT,B,RANGING,24,STOP,-0.871,-33.957,39,False
2023-08-27 00:00:00,INJUSDT,B,RANGING,4,OPEN,0.508,8.629,17,True
2023-08-27 00:00:00,INJUSDT,B,RANGING,12,STOP,-1.648,-28.017,17,True
2023-08-27 00:00:00,INJUSDT,B,RANGING,24,STOP,-1.648,-28.017,17,True
2023-08-27 07:00:00,NEARUSDT,A,RANGING,4,OPEN,-1.405,-21.07,15,True
2023-08-27 07:00:00,NEARUSDT,A,RANGING,12,STOP,-1.898,-28.471,15,True
2023-08-27 07:00:00,NEARUSDT,A,RANGING,24,STOP,-1.898,-28.471,15,True
2023-08-28 05:00:00,INJUSDT,B,RANGING,4,OPEN,-0.039,-0.395,10,True
2023-08-28 05:00:00,INJUSDT,B,RANGING,12,STOP,-2.548,-25.479,10,True
2023-08-28 05:00:00,INJUSDT,B,RANGING,24,STOP,-2.548,-25.479,10,True
2023-08-29 01:00:00,OPUSDT,A,RANGING,4,OPEN,-1.091,-9.818,9,True
2023-08-29 01:00:00,OPUSDT,A,RANGING,12,TARGET,3.757,33.816,9,True
2023-08-29 01:00:00,OPUSDT,A,RANGING,24,TARGET,3.757,33.816,9,True
2023-09-03 00:00:00,LINKUSDT,B,RANGING,4,OPEN,0.711,7.826,11,True
2023-09-03 00:00:00,LINKUSDT,B,RANGING,12,OPEN,0.177,1.951,11,True
2023-09-03 00:00:00,LINKUSDT,B,RANGING,24,OPEN,1.446,15.904,11,True
2023-09-03 20:00:00,SOLUSDT,B,RANGING,4,OPEN,1.244,14.932,12,False
2023-09-03 20:00:00,SOLUSDT,B,RANGING,12,OPEN,0.799,9.589,12,False
2023-09-03 20:00:00,SOLUSDT,B,RANGING,24,OPEN,-1.125,-13.503,12,False
2023-09-05 14:00:00,SOLUSDT,B,TRENDING,4,OPEN,-0.977,-2.932,3,False
2023-09-05 14:00:00,SOLUSDT,B,TRENDING,12,OPEN,-1.607,-4.82,3,False
2023-09-05 14:00:00,SOLUSDT,B,TRENDING,24,OPEN,-5.058,-15.174,3,False
2023-09-06 00:00:00,MATICUSDT,B,RANGING,4,OPEN,-1.862,-16.754,9,False
2023-09-06 00:00:00,MATICUSDT,B,RANGING,12,STOP,-2.966,-26.698,9,False
2023-09-06 00:00:00,MATICUSDT,B,RANGING,24,STOP,-2.966,-26.698,9,False
2023-09-06 01:00:00,LINKUSDT,A,RANGING,4,OPEN,-1.302,-10.417,8,True
2023-09-06 01:00:00,LINKUSDT,A,RANGING,12,OPEN,-0.755,-6.039,8,True
2023-09-06 01:00:00,LINKUSDT,A,RANGING,24,OPEN,2.351,18.812,8,True
2023-09-07 21:00:00,DOTUSDT,B,TRENDING,4,OPEN,0.016,0.21,13,True
2023-09-07 21:00:00,DOTUSDT,B,TRENDING,12,STOP,-2.128,-27.67,13,True
2023-09-07 21:00:00,DOTUSDT,B,TRENDING,24,STOP,-2.128,-27.67,13,True
2023-09-09 18:00:00,INJUSDT,A,RANGING,4,STOP,-1.767,-28.268,16,True
2023-09-09 18:00:00,INJUSDT,A,RANGING,12,STOP,-1.767,-28.268,16,True
2023-09-09 18:00:00,INJUSDT,A,RANGING,24,STOP,-1.767,-28.268,16,True
2023-09-11 14:00:00,OPUSDT,A,TRENDING,4,OPEN,0.441,2.206,5,True
2023-09-11 14:00:00,OPUSDT,A,TRENDING,12,TARGET,6.383,31.914,5,True
2023-09-11 14:00:00,OPUSDT,A,TRENDING,24,TARGET,6.383,31.914,5,True
2023-09-13 07:00:00,MATICUSDT,B,TRENDING,4,OPEN,-1.571,-12.567,8,False
2023-09-13 07:00:00,MATICUSDT,B,TRENDING,12,OPEN,-0.876,-7.011,8,False
2023-09-13 07:00:00,MATICUSDT,B,TRENDING,24,OPEN,-0.336,-2.691,8,False
2023-09-21 00:00:00,ATOMUSDT,A,RANGING,4,OPEN,0.044,0.264,6,True
2023-09-21 00:00:00,ATOMUSDT,A,RANGING,12,OPEN,0.058,0.345,6,True
2023-09-21 00:00:00,ATOMUSDT,A,RANGING,24,STOP,-4.276,-25.658,6,True
2023-09-21 00:00:00,AVAXUSDT,B,RANGING,4,OPEN,-0.417,-3.752,9,False
2023-09-21 00:00:00,AVAXUSDT,B,RANGING,12,STOP,-2.985,-26.868,9,False
2023-09-21 00:00:00,AVAXUSDT,B,RANGING,24,STOP,-2.985,-26.868,9,False
2023-09-21 00:00:00,NEARUSDT,A,RANGING,4,OPEN,-0.852,-4.262,5,True
2023-09-21 00:00:00,NEARUSDT,A,RANGING,12,OPEN,-1.902,-9.512,5,True
2023-09-21 00:00:00,NEARUSDT,A,RANGING,24,OPEN,-1.727,-8.637,5,True
2023-09-21 06:00:00,ATOMUSDT,A,RANGING,4,OPEN,0.042,0.21,5,True
2023-09-21 06:00:00,ATOMUSDT,A,RANGING,12,OPEN,-3.073,-15.364,5,True
2023-09-21 06:00:00,ATOMUSDT,A,RANGING,24,STOP,-4.921,-24.603,5,True
2023-09-26 05:00:00,ATOMUSDT,B,RANGING,4,OPEN,0.072,0.795,11,True
2023-09-26 05:00:00,ATOMUSDT,B,RANGING,12,OPEN,-0.893,-9.819,11,True
2023-09-26 05:00:00,ATOMUSDT,B,RANGING,24,STOP,-2.363,-25.99,11,True
2023-09-26 06:00:00,BNBUSDT,B,RANGING,4,OPEN,-0.7,-5.596,8,False
2023-09-26 06:00:00,BNBUSDT,B,RANGING,12,OPEN,-0.812,-6.497,8,False
2023-09-26 06:00:00,BNBUSDT,B,RANGING,24,OPEN,-0.202,-1.619,8,False
2023-09-28 07:00:00,LINKUSDT,A,RANGING,4,OPEN,-0.853,-5.119,6,True
2023-09-28 07:00:00,LINKUSDT,A,RANGING,12,OPEN,-0.214,-1.286,6,True
2023-09-28 07:00:00,LINKUSDT,A,RANGING,24,OPEN,-1.53,-9.181,6,True
2023-09-28 07:00:00,DOTUSDT,B,RANGING,4,OPEN,0.653,9.8,15,True
2023-09-28 07:00:00,DOTUSDT,B,RANGING,12,OPEN,0.827,12.405,15,True
2023-09-28 07:00:00,DOTUSDT,B,RANGING,24,OPEN,1.373,20.593,15,True
2023-09-29 22:00:00,LTCUSDT,A,RANGING,4,OPEN,-0.453,-7.248,16,True
2023-09-29 22:00:00,LTCUSDT,A,RANGING,12,OPEN,-0.316,-5.056,16,True
2023-09-29 22:00:00,LTCUSDT,A,RANGING,24,OPEN,0.491,7.852,16,True
2023-09-30 12:00:00,SOLUSDT,B,RANGING,4,OPEN,-0.193,-0.772,4,False
2023-09-30 12:00:00,SOLUSDT,B,RANGING,12,OPEN,-0.592,-2.367,4,False
2023-09-30 12:00:00,SOLUSDT,B,RANGING,24,TARGET,9.113,36.453,4,False
2023-09-30 14:00:00,INJUSDT,A,RANGING,4,OPEN,-0.988,-5.926,6,True
2023-09-30 14:00:00,INJUSDT,A,RANGING,12,OPEN,-0.291,-1.749,6,True
2023-09-30 14:00:00,INJUSDT,A,RANGING,24,OPEN,0.585,3.512,6,True
2023-09-30 17:00:00,OPUSDT,A,RANGING,4,OPEN,-0.808,-5.656,7,True
2023-09-30 17:00:00,OPUSDT,A,RANGING,12,OPEN,0.328,2.298,7,True
2023-09-30 17:00:00,OPUSDT,A,RANGING,24,OPEN,1.443,10.098,7,True
2023-10-06 12:00:00,MATICUSDT,B,RANGING,4,OPEN,0.547,4.924,9,False
2023-10-06 12:00:00,MATICUSDT,B,RANGING,12,OPEN,2.264,20.378,9,False
2023-10-06 12:00:00,MATICUSDT,B,RANGING,24,TARGET,3.552,31.969,9,False
2023-10-06 12:00:00,NEARUSDT,B,RANGING,4,OPEN,0.402,4.019,10,True
2023-10-06 12:00:00,NEARUSDT,B,RANGING,12,OPEN,0.035,0.352,10,True
2023-10-06 12:00:00,NEARUSDT,B,RANGING,24,OPEN,-0.148,-1.482,10,True
2023-10-07 05:00:00,AVAXUSDT,A,RANGING,4,STOP,-2.205,-26.458,12,False
2023-10-07 05:00:00,AVAXUSDT,A,RANGING,12,STOP,-2.205,-26.458,12,False
2023-10-07 05:00:00,AVAXUSDT,A,RANGING,24,STOP,-2.205,-26.458,12,False
2023-10-08 00:00:00,OPUSDT,A,RANGING,4,OPEN,-1.576,-17.34,11,True
2023-10-08 00:00:00,OPUSDT,A,RANGING,12,STOP,-2.353,-25.886,11,True
2023-10-08 00:00:00,OPUSDT,A,RANGING,24,STOP,-2.353,-25.886,11,True
2023-10-08 22:00:00,INJUSDT,A,RANGING,4,OPEN,-0.11,-2.648,24,True
2023-10-08 22:00:00,INJUSDT,A,RANGING,12,STOP,-1.242,-29.803,24,True
2023-10-08 22:00:00,INJUSDT,A,RANGING,24,STOP,-1.242,-29.803,24,True
2023-10-10 07:00:00,ATOMUSDT,A,TRENDING,4,OPEN,-3.576,-7.152,2,True
2023-10-10 07:00:00,ATOMUSDT,A,TRENDING,12,OPEN,-6.73,-13.459,2,True
2023-10-10 07:00:00,ATOMUSDT,A,TRENDING,24,STOP,-8.577,-17.154,2,True
2023-10-11 00:00:00,BNBUSDT,A,RANGING,4,STOP,-0.262,-26.198,100,False
2023-10-11 00:00:00,BNBUSDT,A,RANGING,12,STOP,-0.262,-26.198,100,False
2023-10-11 00:00:00,BNBUSDT,A,RANGING,24,STOP,-0.262,-26.198,100,False
2023-10-12 00:00:00,INJUSDT,A,TRENDING,4,OPEN,-0.876,-7.01,8,True
2023-10-12 00:00:00,INJUSDT,A,TRENDING,12,STOP,-3.231,-25.851,8,True
2023-10-12 00:00:00,INJUSDT,A,TRENDING,24,STOP,-3.231,-25.851,8,True
2023-10-12 21:00:00,AVAXUSDT,A,RANGING,4,OPEN,-0.185,-1.481,8,False
2023-10-12 21:00:00,AVAXUSDT,A,RANGING,12,OPEN,0.001,0.01,8,False
2023-10-12 21:00:00,AVAXUSDT,A,RANGING,24,OPEN,0.177,1.413,8,False
2023-10-14 14:00:00,INJUSDT,A,TRENDING,4,OPEN,-0.266,-2.128,8,True
2023-10-14 14:00:00,INJUSDT,A,TRENDING,12,OPEN,-0.553,-4.424,8,True
2023-10-14 14:00:00,INJUSDT,A,TRENDING,24,OPEN,0.778,6.224,8,True
2023-10-15 13:00:00,LTCUSDT,B,RANGING,4,OPEN,0.117,3.271,28,True
2023-10-15 13:00:00,LTCUSDT,B,RANGING,12,OPEN,0.068,1.909,28,True
2023-10-15 13:00:00,LTCUSDT,B,RANGING,24,TARGET,1.065,29.834,28,True
2023-10-15 13:00:00,NEARUSDT,B,RANGING,4,OPEN,0.151,1.967,13,True
2023-10-15 13:00:00,NEARUSDT,B,RANGING,12,OPEN,1.227,15.95,13,True
2023-10-15 13:00:00,NEARUSDT,B,RANGING,24,TARGET,2.552,33.178,13,True
2023-10-16 13:00:00,APTUSDT,A,TRENDING,4,OPEN,0.826,60.29,73,True
2023-10-16 13:00:00,APTUSDT,A,TRENDING,12,TARGET,1.707,124.589,73,True
2023-10-16 13:00:00,APTUSDT,A,TRENDING,24,TARGET,1.707,124.589,73,True
2023-10-19 06:00:00,NEARUSDT,A,RANGING,4,OPEN,0.067,1.467,22,True
2023-10-19 06:00:00,NEARUSDT,A,RANGING,12,OPEN,-0.138,-3.029,22,True
2023-10-19 06:00:00,NEARUSDT,A,RANGING,24,TARGET,1.424,31.33,22,True
2023-10-21 00:00:00,AVAXUSDT,B,TRENDING,4,OPEN,1.776,14.21,8,False
2023-10-21 00:00:00,AVAXUSDT,B,TRENDING,12,TARGET,3.922,31.379,8,False
2023-10-21 00:00:00,AVAXUSDT,B,TRENDING,24,TARGET,3.922,31.379,8,False
2023-10-23 03:00:00,ARBUSDT,B,RANGING,4,OPEN,-2.311,-16.174,7,False
2023-10-23 03:00:00,ARBUSDT,B,RANGING,12,OPEN,-1.562,-10.933,7,False
2023-10-23 03:00:00,ARBUSDT,B,RANGING,24,TARGET,4.934,34.538,7,False
2023-10-23 03:00:00,AVAXUSDT,B,RANGING,4,OPEN,-3.416,-17.079,5,False
2023-10-23 03:00:00,AVAXUSDT,B,RANGING,12,OPEN,-2.539,-12.695,5,False
2023-10-23 03:00:00,AVAXUSDT,B,RANGING,24,OPEN,1.387,6.936,5,False
2023-10-26 03:00:00,ARBUSDT,A,TRENDING,4,OPEN,2.119,6.358,3,False
2023-10-26 03:00:00,ARBUSDT,A,TRENDING,12,OPEN,-1.949,-5.847,3,False
2023-10-26 03:00:00,ARBUSDT,A,TRENDING,24,OPEN,-4.025,-12.075,3,False
2023-10-26 03:00:00,OPUSDT,B,TRENDING,4,OPEN,2.48,14.881,6,True
2023-10-26 03:00:00,OPUSDT,B,TRENDING,12,STOP,-4.15,-24.902,6,True
2023-10-26 03:00:00,OPUSDT,B,TRENDING,24,STOP,-4.15,-24.902,6,True
2023-10-26 21:00:00,AVAXUSDT,A,RANGING,4,OPEN,-2.977,-8.932,3,False
2023-10-26 21:00:00,AVAXUSDT,A,RANGING,12,OPEN,-3.266,-9.799,3,False
2023-10-26 21:00:00,AVAXUSDT,A,RANGING,24,OPEN,-4.351,-13.052,3,False
2023-10-30 04:00:00,INJUSDT,B,TRENDING,4,OPEN,-0.565,-3.389,6,True
2023-10-30 04:00:00,INJUSDT,B,TRENDING,12,OPEN,-2.529,-15.175,6,True
2023-10-30 04:00:00,INJUSDT,B,TRENDING,24,STOP,-3.987,-23.922,6,True
2023-10-31 00:00:00,AVAXUSDT,B,RANGING,4,OPEN,0.792,8.712,11,False
2023-10-31 00:00:00,AVAXUSDT,B,RANGING,12,STOP,-2.404,-26.447,11,False
2023-10-31 00:00:00,AVAXUSDT,B,RANGING,24,STOP,-2.404,-26.447,11,False
2023-11-01 13:00:00,NEARUSDT,B,RANGING,4,OPEN,3.943,7.886,2,True
2023-11-01 13:00:00,NEARUSDT,B,RANGING,12,OPEN,2.64,5.28,2,True
2023-11-01 13:00:00,NEARUSDT,B,RANGING,24,OPEN,1.406,2.812,2,True
2023-11-01 13:00:00,SOLUSDT,B,RANGING,4,TARGET,10.916,32.747,3,False
2023-11-01 13:00:00,SOLUSDT,B,RANGING,12,TARGET,10.916,32.747,3,False
2023-11-01 13:00:00,SOLUSDT,B,RANGING,24,TARGET,10.916,32.747,3,False
2023-11-01 18:00:00,APTUSDT,A,RANGING,4,OPEN,-1.797,-7.187,4,True
2023-11-01 18:00:00,APTUSDT,A,RANGING,12,OPEN,-3.464,-13.855,4,True
2023-11-01 18:00:00,APTUSDT,A,RANGING,24,STOP,-6.4,-25.602,4,True
2023-11-01 18:00:00,LINKUSDT,A,RANGING,4,OPEN,-1.298,-2.595,2,True
2023-11-01 18:00:00,LINKUSDT,A,RANGING,12,OPEN,-3.147,-6.294,2,True
2023-11-01 18:00:00,LINKUSDT,A,RANGING,24,OPEN,-5.409,-10.817,2,True
2023-11-01 18:00:00,DOTUSDT,A,RANGING,4,OPEN,-1.199,-2.399,2,True
2023-11-01 18:00:00,DOTUSDT,A,RANGING,12,OPEN,-2.284,-4.568,2,True
2023-11-01 18:00:00,DOTUSDT,A,RANGING,24,OPEN,-3.327,-6.653,2,True
2023-11-01 18:00:00,BNBUSDT,A,RANGING,4,OPEN,0.061,0.429,7,False
2023-11-01 18:00:00,BNBUSDT,A,RANGING,12,OPEN,0.55,3.851,7,False
2023-11-01 18:00:00,BNBUSDT,A,RANGING,24,OPEN,0.991,6.937,7,False
2023-11-01 18:00:00,OPUSDT,A,RANGING,4,OPEN,-1.372,-4.116,3,True
2023-11-01 18:00:00,OPUSDT,A,RANGING,12,OPEN,-2.998,-8.994,3,True
2023-11-01 18:00:00,OPUSDT,A,RANGING,24,OPEN,-5.804,-17.412,3,True
2023-11-01 18:00:00,INJUSDT,A,RANGING,4,OPEN,0.684,1.368,2,True
2023-11-01 18:00:00,INJUSDT,A,RANGING,12,OPEN,4.16,8.32,2,True
2023-11-01 18:00:00,INJUSDT,A,RANGING,24,OPEN,-3.709,-7.418,2,True
2023-11-01 18:00:00,AVAXUSDT,A,RANGING,4,OPEN,0.881,1.761,2,False
2023-11-01 18:00:00,AVAXUSDT,A,RANGING,12,OPEN,-0.454,-0.908,2,False
2023-11-01 18:00:00,AVAXUSDT,A,RANGING,24,OPEN,-2.299,-4.599,2,False
2023-11-01 18:00:00,ATOMUSDT,A,RANGING,4,OPEN,-1.332,-5.329,4,True
2023-11-01 18:00:00,ATOMUSDT,A,RANGING,12,OPEN,-0.956,-3.822,4,True
2023-11-01 18:00:00,ATOMUSDT,A,RANGING,24,OPEN,-2.362,-9.447,4,True
2023-11-01 18:00:00,ARBUSDT,A,RANGING,4,OPEN,-1.153,-2.306,2,False
2023-11-01 18:00:00,ARBUSDT,A,RANGING,12,OPEN,-2.653,-5.305,2,False
2023-11-01 18:00:00,ARBUSDT,A,RANGING,24,OPEN,-4.191,-8.382,2,False
2023-11-01 18:00:00,ETHUSDT,A,RANGING,4,OPEN,-0.705,-3.524,5,False
2023-11-01 18:00:00,ETHUSDT,A,RANGING,12,OPEN,-1.532,-7.661,5,False
2023-11-01 18:00:00,ETHUSDT,A,RANGING,24,OPEN,-3.085,-15.425,5,False
2023-11-01 18:00:00,LTCUSDT,A,RANGING,4,OPEN,0.103,0.412,4,True
2023-11-01 18:00:00,LTCUSDT,A,RANGING,12,OPEN,-0.297,-1.188,4,True
2023-11-01 18:00:00,LTCUSDT,A,RANGING,24,OPEN,-1.082,-4.33,4,True
2023-11-01 18:00:00,NEARUSDT,A,RANGING,4,OPEN,-0.437,-0.437,1,True
2023-11-01 18:00:00,NEARUSDT,A,RANGING,12,OPEN,-3.399,-3.399,1,True
2023-11-01 18:00:00,NEARUSDT,A,RANGING,24,OPEN,1.866,1.866,1,True
2023-11-02 12:00:00,NEARUSDT,B,TRENDING,4,OPEN,2.231,15.618,7,True
2023-11-02 12:00:00,NEARUSDT,B,TRENDING,12,TARGET,4.695,32.867,7,True
2023-11-02 12:00:00,NEARUSDT,B,TRENDING,24,TARGET,4.695,32.867,7,True
2023-11-02 13:00:00,INJUSDT,B,TRENDING,4,TARGET,0.858,29.188,34,True
2023-11-02 13:00:00,INJUSDT,B,TRENDING,12,TARGET,0.858,29.188,34,True
2023-11-02 13:00:00,INJUSDT,B,TRENDING,24,TARGET,0.858,29.188,34,True
2023-11-06 10:00:00,INJUSDT,A,RANGING,4,OPEN,-2.28,-4.559,2,True
2023-11-06 10:00:00,INJUSDT,A,RANGING,12,OPEN,-3.658,-7.317,2,True
2023-11-06 10:00:00,INJUSDT,A,RANGING,24,OPEN,-3.529,-7.057,2,True
2023-11-07 00:00:00,APTUSDT,A,RANGING,4,OPEN,0.236,0.709,3,True
2023-11-07 00:00:00,APTUSDT,A,RANGING,12,OPEN,-2.812,-8.435,3,True
2023-11-07 00:00:00,APTUSDT,A,RANGING,24,OPEN,-1.886,-5.659,3,True
2023-11-08 02:00:00,LINKUSDT,B,TRENDING,4,OPEN,0.087,0.262,3,True
2023-11-08 02:00:00,LINKUSDT,B,TRENDING,12,OPEN,4.036,12.108,3,True
2023-11-08 02:00:00,LINKUSDT,B,TRENDING,24,TARGET,10.464,31.393,3,True
2023-11-08 10:00:00,LTCUSDT,A,RANGING,4,OPEN,0.073,0.943,13,True
2023-11-08 10:00:00,LTCUSDT,A,RANGING,12,OPEN,-0.213,-2.765,13,True
2023-11-08 10:00:00,LTCUSDT,A,RANGING,24,OPEN,1.037,13.481,13,True
2023-11-10 08:00:00,AVAXUSDT,B,RANGING,4,OPEN,-2.065,-6.196,3,False
2023-11-10 08:00:00,AVAXUSDT,B,RANGING,12,OPEN,9.599,28.797,3,False
2023-11-10 08:00:00,AVAXUSDT,B,RANGING,24,OPEN,7.055,21.165,3,False
2023-11-11 01:00:00,APTUSDT,A,TRENDING,4,OPEN,-0.673,-3.364,5,True
2023-11-11 01:00:00,APTUSDT,A,TRENDING,12,OPEN,2.236,11.178,5,True
2023-11-11 01:00:00,APTUSDT,A,TRENDING,24,OPEN,2.628,13.139,5,True
2023-11-12 17:00:00,MATICUSDT,A,RANGING,4,OPEN,1.848,5.544,3,False
2023-11-12 17:00:00,MATICUSDT,A,RANGING,12,OPEN,0.657,1.97,3,False
2023-11-12 17:00:00,MATICUSDT,A,RANGING,24,OPEN,5.842,17.526,3,False
2023-11-23 09:00:00,LTCUSDT,B,TRENDING,4,STOP,-1.342,-29.515,22,True
2023-11-23 09:00:00,LTCUSDT,B,TRENDING,12,STOP,-1.342,-29.515,22,True
2023-11-23 09:00:00,LTCUSDT,B,TRENDING,24,STOP,-1.342,-29.515,22,True
2023-11-25 20:00:00,LTCUSDT,B,RANGING,4,OPEN,-0.588,-7.051,12,True
2023-11-25 20:00:00,LTCUSDT,B,RANGING,12,OPEN,-1.505,-18.065,12,True
2023-11-25 20:00:00,LTCUSDT,B,RANGING,24,STOP,-2.178,-26.138,12,True
2023-11-25 20:00:00,INJUSDT,B,RANGING,4,OPEN,-0.633,-1.898,3,True
2023-11-25 20:00:00,INJUSDT,B,RANGING,12,OPEN,-3.995,-11.986,3,True
2023-11-25 20:00:00,INJUSDT,B,RANGING,24,OPEN,-1.603,-4.81,3,True
2023-11-25 21:00:00,INJUSDT,B,RANGING,4,OPEN,-0.853,-2.559,3,True
2023-11-25 21:00:00,INJUSDT,B,RANGING,12,OPEN,-2.914,-8.741,3,True
2023-11-25 21:00:00,INJUSDT,B,RANGING,24,OPEN,-0.415,-1.245,3,True
2023-12-02 07:00:00,NEARUSDT,A,TRENDING,4,OPEN,0.77,2.309,3,True
2023-12-02 07:00:00,NEARUSDT,A,TRENDING,12,OPEN,1.628,4.883,3,True
2023-12-02 07:00:00,NEARUSDT,A,TRENDING,24,OPEN,1.981,5.943,3,True
2023-12-04 20:00:00,AVAXUSDT,B,TRENDING,4,OPEN,2.875,5.751,2,False
2023-12-04 20:00:00,AVAXUSDT,B,TRENDING,12,OPEN,-0.951,-1.902,2,False
2023-12-04 20:00:00,AVAXUSDT,B,TRENDING,24,OPEN,10.686,21.372,2,False
2023-12-04 22:00:00,NEARUSDT,B,TRENDING,4,OPEN,-0.196,-0.392,2,True
2023-12-04 22:00:00,NEARUSDT,B,TRENDING,12,OPEN,-3.951,-7.901,2,True
2023-12-04 22:00:00,NEARUSDT,B,TRENDING,24,OPEN,0.895,1.79,2,True
2023-12-07 04:00:00,LTCUSDT,A,TRENDING,4,OPEN,-1.554,-13.984,9,True
2023-12-07 04:00:00,LTCUSDT,A,TRENDING,12,OPEN,0.275,2.474,9,True
2023-12-07 04:00:00,LTCUSDT,A,TRENDING,24,OPEN,1.223,11.007,9,True
2023-12-08 16:00:00,DOTUSDT,A,RANGING,4,OPEN,1.826,5.477,3,True
2023-12-08 16:00:00,DOTUSDT,A,RANGING,12,TARGET,10.635,31.905,3,True
2023-12-08 16:00:00,DOTUSDT,A,RANGING,24,TARGET,10.635,31.905,3,True
2023-12-09 06:00:00,SOLUSDT,B,TRENDING,4,OPEN,1.301,5.202,4,False
2023-12-09 06:00:00,SOLUSDT,B,TRENDING,12,OPEN,-2.985,-11.939,4,False
2023-12-09 06:00:00,SOLUSDT,B,TRENDING,24,OPEN,-5.057,-20.23,4,False
2023-12-09 06:00:00,AVAXUSDT,B,TRENDING,4,OPEN,2.877,2.877,1,False
2023-12-09 06:00:00,AVAXUSDT,B,TRENDING,12,OPEN,-0.892,-0.892,1,False
2023-12-09 06:00:00,AVAXUSDT,B,TRENDING,24,OPEN,-0.8,-0.8,1,False
2023-12-09 08:00:00,ATOMUSDT,A,TRENDING,4,OPEN,-3.1,-9.301,3,True
2023-12-09 08:00:00,ATOMUSDT,A,TRENDING,12,OPEN,-3.748,-11.244,3,True
2023-12-09 08:00:00,ATOMUSDT,A,TRENDING,24,STOP,-7.532,-22.597,3,True
2023-12-09 08:00:00,OPUSDT,A,TRENDING,4,STOP,-2.736,-27.355,10,True
2023-12-09 08:00:00,OPUSDT,A,TRENDING,12,STOP,-2.736,-27.355,10,True
2023-12-09 08:00:00,OPUSDT,A,TRENDING,24,STOP,-2.736,-27.355,10,True
2023-12-09 12:00:00,LTCUSDT,B,RANGING,4,OPEN,-0.665,-11.311,17,True
2023-12-09 12:00:00,LTCUSDT,B,RANGING,12,STOP,-1.65,-28.05,17,True
2023-12-09 12:00:00,LTCUSDT,B,RANGING,24,STOP,-1.65,-28.05,17,True
2023-12-09 14:00:00,NEARUSDT,A,RANGING,4,OPEN,0.562,1.124,2,True
2023-12-09 14:00:00,NEARUSDT,A,RANGING,12,OPEN,0.682,1.365,2,True
2023-12-09 14:00:00,NEARUSDT,A,RANGING,24,OPEN,-2.966,-5.933,2,True
2023-12-09 14:00:00,INJUSDT,A,RANGING,4,OPEN,-2.126,-10.63,5,True
2023-12-09 14:00:00,INJUSDT,A,RANGING,12,STOP,-4.415,-22.077,5,True
2023-12-09 14:00:00,INJUSDT,A,RANGING,24,STOP,-4.415,-22.077,5,True
2023-12-09 15:00:00,NEARUSDT,A,RANGING,4,OPEN,1.589,3.179,2,True
2023-12-09 15:00:00,NEARUSDT,A,RANGING,12,OPEN,1.386,2.772,2,True
2023-12-09 15:00:00,NEARUSDT,A,RANGING,24,OPEN,-2.435,-4.87,2,True
2023-12-15 09:00:00,SOLUSDT,A,RANGING,4,OPEN,-4.13,-12.389,3,False
2023-12-15 09:00:00,SOLUSDT,A,RANGING,12,STOP,-7.115,-21.345,3,False
2023-12-15 09:00:00,SOLUSDT,A,RANGING,24,STOP,-7.115,-21.345,3,False
2023-12-16 13:00:00,NEARUSDT,A,RANGING,4,OPEN,-0.992,-2.977,3,True
2023-12-16 13:00:00,NEARUSDT,A,RANGING,12,OPEN,1.056,3.169,3,True
2023-12-16 13:00:00,NEARUSDT,A,RANGING,24,OPEN,-2.832,-8.496,3,True
2023-12-20 08:00:00,NEARUSDT,B,RANGING,4,OPEN,1.244,1.244,1,True
2023-12-20 08:00:00,NEARUSDT,B,RANGING,12,OPEN,0.29,0.29,1,True
2023-12-20 08:00:00,NEARUSDT,B,RANGING,24,OPEN,16.153,16.153,1,True
2023-12-21 00:00:00,DOTUSDT,B,TRENDING,4,OPEN,3.611,18.055,5,True
2023-12-21 00:00:00,DOTUSDT,B,TRENDING,12,TARGET,6.13,30.652,5,True
2023-12-21 00:00:00,DOTUSDT,B,TRENDING,24,TARGET,6.13,30.652,5,True
2023-12-21 07:00:00,NEARUSDT,A,RANGING,4,OPEN,6.365,6.365,1,True
2023-12-21 07:00:00,NEARUSDT,A,RANGING,12,OPEN,6.548,6.548,1,True
2023-12-21 07:00:00,NEARUSDT,A,RANGING,24,OPEN,1.221,1.221,1,True
2023-12-22 06:00:00,INJUSDT,B,RANGING,4,OPEN,-2.166,-15.162,7,True
2023-12-22 06:00:00,INJUSDT,B,RANGING,12,STOP,-3.365,-23.555,7,True
2023-12-22 06:00:00,INJUSDT,B,RANGING,24,STOP,-3.365,-23.555,7,True
2023-12-22 06:00:00,LTCUSDT,A,RANGING,4,OPEN,-0.198,-1.78,9,True
2023-12-22 06:00:00,LTCUSDT,A,RANGING,12,OPEN,2.848,25.633,9,True
2023-12-22 06:00:00,LTCUSDT,A,RANGING,24,TARGET,3.672,33.05,9,True
2023-12-22 07:00:00,OPUSDT,A,RANGING,4,OPEN,2.773,2.773,1,True
2023-12-22 07:00:00,OPUSDT,A,RANGING,12,OPEN,16.16,16.16,1,True
2023-12-22 07:00:00,OPUSDT,A,RANGING,24,TARGET,20.355,20.355,1,True
2023-12-22 07:00:00,ARBUSDT,A,RANGING,4,OPEN,3.645,3.645,1,False
2023-12-22 07:00:00,ARBUSDT,A,RANGING,12,OPEN,7.455,7.455,1,False
2023-12-22 07:00:00,ARBUSDT,A,RANGING,24,OPEN,2.993,2.993,1,False
2023-12-24 04:00:00,OPUSDT,A,RANGING,4,OPEN,-2.768,-5.535,2,True
2023-12-24 04:00:00,OPUSDT,A,RANGING,12,OPEN,-5.389,-10.779,2,True
2023-12-24 04:00:00,OPUSDT,A,RANGING,24,OPEN,-2.185,-4.369,2,True
2023-12-24 04:00:00,AVAXUSDT,A,RANGING,4,OPEN,-0.679,-2.038,3,False
2023-12-24 04:00:00,AVAXUSDT,A,RANGING,12,OPEN,3.987,11.962,3,False
2023-12-24 04:00:00,AVAXUSDT,A,RANGING,24,OPEN,0.261,0.782,3,False
2023-12-24 14:00:00,LTCUSDT,A,RANGING,4,OPEN,-0.598,-11.371,19,True
2023-12-24 14:00:00,LTCUSDT,A,RANGING,12,STOP,-1.549,-29.426,19,True
2023-12-24 14:00:00,LTCUSDT,A,RANGING,24,STOP,-1.549,-29.426,19,True
2023-12-24 16:00:00,AVAXUSDT,B,RANGING,4,OPEN,-4.261,-17.044,4,False
2023-12-24 16:00:00,AVAXUSDT,B,RANGING,12,OPEN,-3.815,-15.26,4,False
2023-12-24 16:00:00,AVAXUSDT,B,RANGING,24,STOP,-6.341,-25.365,4,False
2023-12-28 11:00:00,BNBUSDT,B,TRENDING,4,OPEN,-0.908,-4.541,5,False
2023-12-28 11:00:00,BNBUSDT,B,TRENDING,12,STOP,-4.996,-24.981,5,False
2023-12-28 11:00:00,BNBUSDT,B,TRENDING,24,STOP,-4.996,-24.981,5,False
2023-12-31 19:00:00,NEARUSDT,A,RANGING,4,STOP,-2.873,-25.853,9,True
2023-12-31 19:00:00,NEARUSDT,A,RANGING,12,STOP,-2.873,-25.853,9,True
2023-12-31 19:00:00,NEARUSDT,A,RANGING,24,STOP,-2.873,-25.853,9,True
2024-01-01 09:00:00,AVAXUSDT,A,RANGING,4,OPEN,1.319,6.597,5,False
2024-01-01 09:00:00,AVAXUSDT,A,RANGING,12,OPEN,5.833,29.165,5,False
2024-01-01 09:00:00,AVAXUSDT,A,RANGING,24,TARGET,6.142,30.711,5,False
2024-01-01 12:00:00,INJUSDT,A,RANGING,4,OPEN,1.837,5.512,3,True
2024-01-01 12:00:00,INJUSDT,A,RANGING,12,OPEN,3.237,9.711,3,True
2024-01-01 12:00:00,INJUSDT,A,RANGING,24,OPEN,-0.038,-0.113,3,True
2024-01-05 07:00:00,LINKUSDT,B,TRENDING,4,OPEN,-3.037,-12.147,4,True
2024-01-05 07:00:00,LINKUSDT,B,TRENDING,12,STOP,-5.929,-23.715,4,True
2024-01-05 07:00:00,LINKUSDT,B,TRENDING,24,STOP,-5.929,-23.715,4,True
2024-01-08 06:00:00,MATICUSDT,B,RANGING,4,OPEN,3.094,12.377,4,False
2024-01-08 06:00:00,MATICUSDT,B,RANGING,12,TARGET,7.819,31.275,4,False
2024-01-08 06:00:00,MATICUSDT,B,RANGING,24,TARGET,7.819,31.275,4,False
2024-01-08 06:00:00,DOTUSDT,B,RANGING,4,OPEN,3.686,11.059,3,True
2024-01-08 06:00:00,DOTUSDT,B,RANGING,12,OPEN,6.501,19.502,3,True
2024-01-08 06:00:00,DOTUSDT,B,RANGING,24,OPEN,6.602,19.806,3,True
2024-01-08 06:00:00,ATOMUSDT,B,RANGING,4,OPEN,2.674,10.695,4,True
2024-01-08 06:00:00,ATOMUSDT,B,RANGING,12,OPEN,5.663,22.651,4,True
2024-01-08 06:00:00,ATOMUSDT,B,RANGING,24,TARGET,7.265,29.059,4,True
2024-01-08 06:00:00,SOLUSDT,A,RANGING,4,OPEN,4.175,16.698,4,False
2024-01-08 06:00:00,SOLUSDT,A,RANGING,12,TARGET,8.678,34.712,4,False
2024-01-08 06:00:00,SOLUSDT,A,RANGING,24,TARGET,8.678,34.712,4,False
2024-01-08 06:00:00,LINKUSDT,A,RANGING,4,OPEN,2.002,6.006,3,True
2024-01-08 06:00:00,LINKUSDT,A,RANGING,12,OPEN,5.056,15.167,3,True
2024-01-08 06:00:00,LINKUSDT,A,RANGING,24,OPEN,3.335,10.005,3,True
2024-01-09 04:00:00,AVAXUSDT,B,TRENDING,4,OPEN,-1.609,-6.435,4,False
2024-01-09 04:00:00,AVAXUSDT,B,TRENDING,12,STOP,-5.683,-22.731,4,False
2024-01-09 04:00:00,AVAXUSDT,B,TRENDING,24,STOP,-5.683,-22.731,4,False
2024-01-10 20:00:00,DOTUSDT,B,TRENDING,4,OPEN,2.674,2.674,1,True
2024-01-10 20:00:00,DOTUSDT,B,TRENDING,12,OPEN,5.221,5.221,1,True
2024-01-10 20:00:00,DOTUSDT,B,TRENDING,24,OPEN,2.573,2.573,1,True
2024-01-12 00:00:00,ATOMUSDT,A,RANGING,4,OPEN,0.047,0.237,5,True
2024-01-12 00:00:00,ATOMUSDT,A,RANGING,12,OPEN,-1.213,-6.063,5,True
2024-01-12 00:00:00,ATOMUSDT,A,RANGING,24,STOP,-4.611,-23.053,5,True
2024-01-15 06:00:00,INJUSDT,B,TRENDING,4,OPEN,-0.395,-1.186,3,True
2024-01-15 06:00:00,INJUSDT,B,TRENDING,12,OPEN,1.464,4.391,3,True
2024-01-15 06:00:00,INJUSDT,B,TRENDING,24,OPEN,4.303,12.908,3,True
2024-01-15 22:00:00,DOTUSDT,B,RANGING,4,OPEN,-0.2,-2.002,10,True
2024-01-15 22:00:00,DOTUSDT,B,RANGING,12,OPEN,0.117,1.17,10,True
2024-01-15 22:00:00,DOTUSDT,B,RANGING,24,STOP,-2.712,-27.119,10,True
2024-01-19 23:00:00,DOTUSDT,B,TRENDING,4,OPEN,-0.633,-3.163,5,True
2024-01-19 23:00:00,DOTUSDT,B,TRENDING,12,OPEN,-0.313,-1.563,5,True
2024-01-19 23:00:00,DOTUSDT,B,TRENDING,24,OPEN,0.08,0.4,5,True
2024-01-20 20:00:00,LINKUSDT,A,RANGING,4,STOP,-2.075,-26.973,13,True
2024-01-20 20:00:00,LINKUSDT,A,RANGING,12,STOP,-2.075,-26.973,13,True
2024-01-20 20:00:00,LINKUSDT,A,RANGING,24,STOP,-2.075,-26.973,13,True
2024-01-23 18:00:00,APTUSDT,A,TRENDING,4,OPEN,2.183,4.367,2,True
2024-01-23 18:00:00,APTUSDT,A,TRENDING,12,OPEN,0.042,0.085,2,True
2024-01-23 18:00:00,APTUSDT,A,TRENDING,24,OPEN,-0.84,-1.68,2,True
2024-01-29 16:00:00,INJUSDT,B,RANGING,4,OPEN,-3.784,-15.135,4,True
2024-01-29 16:00:00,INJUSDT,B,RANGING,12,STOP,-6.111,-24.443,4,True
2024-01-29 16:00:00,INJUSDT,B,RANGING,24,STOP,-6.111,-24.443,4,True
2024-01-29 20:00:00,INJUSDT,B,RANGING,4,OPEN,-0.326,-3.256,10,True
2024-01-29 20:00:00,INJUSDT,B,RANGING,12,STOP,-2.652,-26.523,10,True
2024-01-29 20:00:00,INJUSDT,B,RANGING,24,STOP,-2.652,-26.523,10,True
2024-02-03 22:00:00,SOLUSDT,B,RANGING,4,OPEN,-0.593,-7.706,13,False
2024-02-03 22:00:00,SOLUSDT,B,RANGING,12,STOP,-2.052,-26.678,13,False
2024-02-03 22:00:00,SOLUSDT,B,RANGING,24,STOP,-2.052,-26.678,13,False
2024-02-03 22:00:00,DOTUSDT,A,RANGING,4,STOP,-0.344,-34.364,100,True
2024-02-03 22:00:00,DOTUSDT,A,RANGING,12,STOP,-0.344,-34.364,100,True
2024-02-03 22:00:00,DOTUSDT,A,RANGING,24,STOP,-0.344,-34.364,100,True
2024-02-04 07:00:00,LINKUSDT,B,RANGING,4,OPEN,0.739,6.654,9,True
2024-02-04 07:00:00,LINKUSDT,B,RANGING,12,TARGET,3.847,34.622,9,True
2024-02-04 07:00:00,LINKUSDT,B,RANGING,24,TARGET,3.847,34.622,9,True
2024-02-04 14:00:00,BNBUSDT,A,RANGING,4,OPEN,-0.063,-0.505,8,False
2024-02-04 14:00:00,BNBUSDT,A,RANGING,12,OPEN,-0.813,-6.501,8,False
2024-02-04 14:00:00,BNBUSDT,A,RANGING,24,OPEN,-1.513,-12.104,8,False
2024-02-07 07:00:00,LINKUSDT,B,RANGING,4,OPEN,-1.77,-14.159,8,True
2024-02-07 07:00:00,LINKUSDT,B,RANGING,12,OPEN,0.902,7.218,8,True
2024-02-07 07:00:00,LINKUSDT,B,RANGING,24,OPEN,1.678,13.424,8,True
2024-02-07 08:00:00,ATOMUSDT,A,RANGING,4,OPEN,0.114,1.029,9,True
2024-02-07 08:00:00,ATOMUSDT,A,RANGING,12,TARGET,3.568,32.115,9,True
2024-02-07 08:00:00,ATOMUSDT,A,RANGING,24,TARGET,3.568,32.115,9,True
2024-02-07 14:00:00,DOTUSDT,A,RANGING,4,OPEN,1.013,7.089,7,True
2024-02-07 14:00:00,DOTUSDT,A,RANGING,12,OPEN,1.042,7.293,7,True
2024-02-07 14:00:00,DOTUSDT,A,RANGING,24,OPEN,1.129,7.904,7,True
2024-02-07 14:00:00,SOLUSDT,B,RANGING,4,OPEN,0.807,5.652,7,False
2024-02-07 14:00:00,SOLUSDT,B,RANGING,12,TARGET,4.604,32.227,7,False
2024-02-07 14:00:00,SOLUSDT,B,RANGING,24,TARGET,4.604,32.227,7,False
2024-02-07 14:00:00,AVAXUSDT,B,RANGING,4,OPEN,0.789,3.946,5,False
2024-02-07 14:00:00,AVAXUSDT,B,RANGING,12,OPEN,0.376,1.88,5,False
2024-02-07 14:00:00,AVAXUSDT,B,RANGING,24,OPEN,0.935,4.673,5,False
2024-02-07 14:00:00,NEARUSDT,B,RANGING,4,OPEN,2.615,13.074,5,True
2024-02-07 14:00:00,NEARUSDT,B,RANGING,12,OPEN,4.97,24.849,5,True
2024-02-07 14:00:00,NEARUSDT,B,RANGING,24,TARGET,6.633,33.167,5,True
2024-02-10 17:00:00,LINKUSDT,B,TRENDING,4,OPEN,2.166,12.997,6,True
2024-02-10 17:00:00,LINKUSDT,B,TRENDING,12,TARGET,5.764,34.582,6,True
2024-02-10 17:00:00,LINKUSDT,B,TRENDING,24,TARGET,5.764,34.582,6,True
2024-02-10 23:00:00,LINKUSDT,B,TRENDING,4,OPEN,3.466,10.398,3,True
2024-02-10 23:00:00,LINKUSDT,B,TRENDING,12,OPEN,3.641,10.922,3,True
2024-02-10 23:00:00,LINKUSDT,B,TRENDING,24,OPEN,3.353,10.059,3,True
2024-02-11 05:00:00,LINKUSDT,B,TRENDING,4,OPEN,0.781,1.562,2,True
2024-02-11 05:00:00,LINKUSDT,B,TRENDING,12,OPEN,-0.647,-1.294,2,True
2024-02-11 05:00:00,LINKUSDT,B,TRENDING,24,OPEN,-0.829,-1.657,2,True
2024-02-12 06:00:00,APTUSDT,A,RANGING,4,STOP,-1.172,-30.472,26,True
2024-02-12 06:00:00,APTUSDT,A,RANGING,12,STOP,-1.172,-30.472,26,True
2024-02-12 06:00:00,APTUSDT,A,RANGING,24,STOP,-1.172,-30.472,26,True
2024-02-12 06:00:00,DOTUSDT,A,RANGING,4,OPEN,-1.042,-12.506,12,True
2024-02-12 06:00:00,DOTUSDT,A,RANGING,12,TARGET,2.778,33.334,12,True
2024-02-12 06:00:00,DOTUSDT,A,RANGING,24,TARGET,2.778,33.334,12,True
2024-02-12 17:00:00,LINKUSDT,A,RANGING,4,OPEN,-0.976,-5.854,6,True
2024-02-12 17:00:00,LINKUSDT,A,RANGING,12,OPEN,-2.694,-16.165,6,True
2024-02-12 17:00:00,LINKUSDT,A,RANGING,24,STOP,-4.328,-25.965,6,True
2024-02-14 00:00:00,LINKUSDT,B,TRENDING,4,OPEN,-1.102,-5.511,5,True
2024-02-14 00:00:00,LINKUSDT,B,TRENDING,12,OPEN,-0.522,-2.612,5,True
2024-02-14 00:00:00,LINKUSDT,B,TRENDING,24,OPEN,-0.433,-2.166,5,True
2024-02-14 09:00:00,ATOMUSDT,A,RANGING,4,OPEN,-1.511,-10.576,7,True
2024-02-14 09:00:00,ATOMUSDT,A,RANGING,12,OPEN,-1.443,-10.104,7,True
2024-02-14 09:00:00,ATOMUSDT,A,RANGING,24,OPEN,-1.598,-11.183,7,True
2024-02-14 09:00:00,DOTUSDT,B,RANGING,4,OPEN,-1.256,-3.767,3,True
2024-02-14 09:00:00,DOTUSDT,B,RANGING,12,OPEN,-0.409,-1.228,3,True
2024-02-14 09:00:00,DOTUSDT,B,RANGING,24,OPEN,2.899,8.697,3,True
2024-02-16 23:00:00,SOLUSDT,B,RANGING,4,OPEN,-0.529,-5.817,11,False
2024-02-16 23:00:00,SOLUSDT,B,RANGING,12,STOP,-2.45,-26.953,11,False
2024-02-16 23:00:00,SOLUSDT,B,RANGING,24,STOP,-2.45,-26.953,11,False
2024-02-17 07:00:00,NEARUSDT,A,RANGING,4,STOP,-1.748,-27.969,16,True
2024-02-17 07:00:00,NEARUSDT,A,RANGING,12,STOP,-1.748,-27.969,16,True
2024-02-17 07:00:00,NEARUSDT,A,RANGING,24,STOP,-1.748,-27.969,16,True
2024-02-17 07:00:00,LINKUSDT,A,RANGING,4,TARGET,1.439,31.655,22,True
2024-02-17 07:00:00,LINKUSDT,A,RANGING,12,TARGET,1.439,31.655,22,True
2024-02-17 07:00:00,LINKUSDT,A,RANGING,24,TARGET,1.439,31.655,22,True
2024-02-17 20:00:00,DOTUSDT,B,RANGING,4,OPEN,0.499,1.998,4,True
2024-02-17 20:00:00,DOTUSDT,B,RANGING,12,OPEN,1.096,4.384,4,True
2024-02-17 20:00:00,DOTUSDT,B,RANGING,24,OPEN,1.952,7.808,4,True
2024-02-17 21:00:00,OPUSDT,A,RANGING,4,OPEN,-0.173,-1.038,6,True
2024-02-17 21:00:00,OPUSDT,A,RANGING,12,OPEN,3.506,21.035,6,True
2024-02-17 21:00:00,OPUSDT,A,RANGING,24,TARGET,5.405,32.429,6,True
2024-02-18 18:00:00,LINKUSDT,A,RANGING,4,OPEN,0.248,2.974,12,True
2024-02-18 18:00:00,LINKUSDT,A,RANGING,12,OPEN,-0.907,-10.881,12,True
2024-02-18 18:00:00,LINKUSDT,A,RANGING,24,STOP,-2.23,-26.754,12,True
2024-02-19 00:00:00,INJUSDT,A,RANGING,4,STOP,-1.831,-27.459,15,True
2024-02-19 00:00:00,INJUSDT,A,RANGING,12,STOP,-1.831,-27.459,15,True
2024-02-19 00:00:00,INJUSDT,A,RANGING,24,STOP,-1.831,-27.459,15,True
2024-02-21 23:00:00,BNBUSDT,A,RANGING,4,OPEN,0.15,0.902,6,False
2024-02-21 23:00:00,BNBUSDT,A,RANGING,12,OPEN,0.039,0.233,6,False
2024-02-21 23:00:00,BNBUSDT,A,RANGING,24,OPEN,1.777,10.664,6,False
2024-02-25 22:00:00,DOTUSDT,B,TRENDING,4,OPEN,-0.696,-5.568,8,True
2024-02-25 22:00:00,DOTUSDT,B,TRENDING,12,STOP,-3.072,-24.573,8,True
2024-02-25 22:00:00,DOTUSDT,B,TRENDING,24,STOP,-3.072,-24.573,8,True
2024-02-26 13:00:00,BNBUSDT,B,RANGING,4,OPEN,0.171,1.025,6,False
2024-02-26 13:00:00,BNBUSDT,B,RANGING,12,OPEN,0.413,2.476,6,False
2024-02-26 13:00:00,BNBUSDT,B,RANGING,24,OPEN,-1.222,-7.334,6,False
2024-02-26 13:00:00,NEARUSDT,A,RANGING,4,OPEN,0.172,0.344,2,True
2024-02-26 13:00:00,NEARUSDT,A,RANGING,12,OPEN,-2.686,-5.372,2,True
2024-02-26 13:00:00,NEARUSDT,A,RANGING,24,OPEN,-5.205,-10.41,2,True
2024-02-26 15:00:00,MATICUSDT,B,RANGING,4,OPEN,-0.249,-0.498,2,False
2024-02-26 15:00:00,MATICUSDT,B,RANGING,12,OPEN,-0.997,-1.993,2,False
2024-02-26 15:00:00,MATICUSDT,B,RANGING,24,OPEN,-3.968,-7.936,2,False
2024-02-28 08:00:00,INJUSDT,B,TRENDING,4,OPEN,-3.262,-6.524,2,True
2024-02-28 08:00:00,INJUSDT,B,TRENDING,12,STOP,-9.89,-19.78,2,True
2024-02-28 08:00:00,INJUSDT,B,TRENDING,24,STOP,-9.89,-19.78,2,True
2024-02-28 09:00:00,ARBUSDT,B,TRENDING,4,OPEN,0.904,9.044,10,False
2024-02-28 09:00:00,ARBUSDT,B,TRENDING,12,STOP,-2.728,-27.277,10,False
2024-02-28 09:00:00,ARBUSDT,B,TRENDING,24,STOP,-2.728,-27.277,10,False
2024-02-29 00:00:00,MATICUSDT,B,TRENDING,4,OPEN,1.658,4.973,3,False
2024-02-29 00:00:00,MATICUSDT,B,TRENDING,12,OPEN,2.665,7.995,3,False
2024-02-29 00:00:00,MATICUSDT,B,TRENDING,24,OPEN,-0.455,-1.365,3,False
2024-02-29 00:00:00,DOTUSDT,B,TRENDING,4,OPEN,2.374,4.748,2,True
2024-02-29 00:00:00,DOTUSDT,B,TRENDING,12,OPEN,4.786,9.572,2,True
2024-02-29 00:00:00,DOTUSDT,B,TRENDING,24,OPEN,-0.941,-1.882,2,True
2024-02-29 00:00:00,AVAXUSDT,A,TRENDING,4,OPEN,0.073,0.073,1,False
2024-02-29 00:00:00,AVAXUSDT,A,TRENDING,12,OPEN,3.65,3.65,1,False
2024-02-29 00:00:00,AVAXUSDT,A,TRENDING,24,OPEN,2.503,2.503,1,False
2024-02-29 00:00:00,NEARUSDT,B,TRENDING,4,OPEN,-0.874,-0.874,1,True
2024-02-29 00:00:00,NEARUSDT,B,TRENDING,12,OPEN,1.053,1.053,1,True
2024-02-29 00:00:00,NEARUSDT,B,TRENDING,24,OPEN,1.713,1.713,1,True
2024-03-02 11:00:00,LTCUSDT,B,RANGING,4,OPEN,-0.827,-1.655,2,True
2024-03-02 11:00:00,LTCUSDT,B,RANGING,12,OPEN,1.73,3.459,2,True
2024-03-02 11:00:00,LTCUSDT,B,RANGING,24,OPEN,-0.294,-0.589,2,True
2024-03-03 12:00:00,LTCUSDT,A,RANGING,4,OPEN,0.433,0.865,2,True
2024-03-03 12:00:00,LTCUSDT,A,RANGING,12,OPEN,-0.262,-0.524,2,True
2024-03-03 12:00:00,LTCUSDT,A,RANGING,24,OPEN,-0.736,-1.472,2,True
2024-03-06 18:00:00,ATOMUSDT,B,RANGING,4,OPEN,3.995,7.99,2,True
2024-03-06 18:00:00,ATOMUSDT,B,RANGING,12,OPEN,2.753,5.505,2,True
2024-03-06 18:00:00,ATOMUSDT,B,RANGING,24,OPEN,1.142,2.285,2,True
2024-03-07 11:00:00,AVAXUSDT,B,RANGING,4,OPEN,0.499,2.495,5,False
2024-03-07 11:00:00,AVAXUSDT,B,RANGING,12,OPEN,-0.692,-3.46,5,False
2024-03-07 11:00:00,AVAXUSDT,B,RANGING,24,OPEN,-0.157,-0.786,5,False
2024-03-10 04:00:00,BNBUSDT,A,RANGING,4,TARGET,5.019,35.136,7,False
2024-03-10 04:00:00,BNBUSDT,A,RANGING,12,TARGET,5.019,35.136,7,False
2024-03-10 04:00:00,BNBUSDT,A,RANGING,24,TARGET,5.019,35.136,7,False
2024-03-10 07:00:00,ARBUSDT,B,TRENDING,4,STOP,-1.544,-29.342,19,False
2024-03-10 07:00:00,ARBUSDT,B,TRENDING,12,STOP,-1.544,-29.342,19,False
2024-03-10 07:00:00,ARBUSDT,B,TRENDING,24,STOP,-1.544,-29.342,19,False
2024-03-10 07:00:00,AVAXUSDT,B,TRENDING,4,STOP,-1.332,-29.314,22,False
2024-03-10 07:00:00,AVAXUSDT,B,TRENDING,12,STOP,-1.332,-29.314,22,False
2024-03-10 07:00:00,AVAXUSDT,B,TRENDING,24,STOP,-1.332,-29.314,22,False
2024-03-10 21:00:00,LINKUSDT,A,RANGING,4,OPEN,-2.319,-4.638,2,True
2024-03-10 21:00:00,LINKUSDT,A,RANGING,12,OPEN,-1.703,-3.406,2,True
2024-03-10 21:00:00,LINKUSDT,A,RANGING,24,OPEN,-2.02,-4.04,2,True
2024-03-12 02:00:00,SOLUSDT,B,TRENDING,4,OPEN,-2.783,-11.13,4,False
2024-03-12 02:00:00,SOLUSDT,B,TRENDING,12,OPEN,-5.153,-20.612,4,False
2024-03-12 02:00:00,SOLUSDT,B,TRENDING,24,STOP,-6.245,-24.979,4,False
2024-03-12 12:00:00,AVAXUSDT,B,TRENDING,4,TARGET,9.412,28.236,3,False
2024-03-12 12:00:00,AVAXUSDT,B,TRENDING,12,TARGET,9.412,28.236,3,False
2024-03-12 12:00:00,AVAXUSDT,B,TRENDING,24,TARGET,9.412,28.236,3,False
2024-03-12 13:00:00,INJUSDT,B,TRENDING,4,OPEN,4.122,4.122,1,True
2024-03-12 13:00:00,INJUSDT,B,TRENDING,12,OPEN,1.704,1.704,1,True
2024-03-12 13:00:00,INJUSDT,B,TRENDING,24,OPEN,-0.382,-0.382,1,True
2024-03-13 00:00:00,ARBUSDT,B,TRENDING,4,OPEN,4.185,8.369,2,False
2024-03-13 00:00:00,ARBUSDT,B,TRENDING,12,OPEN,3.335,6.671,2,False
2024-03-13 00:00:00,ARBUSDT,B,TRENDING,24,OPEN,1.845,3.689,2,False
2024-03-13 00:00:00,NEARUSDT,B,TRENDING,4,OPEN,-4.204,-4.204,1,True
2024-03-13 00:00:00,NEARUSDT,B,TRENDING,12,OPEN,-7.226,-7.226,1,True
2024-03-13 00:00:00,NEARUSDT,B,TRENDING,24,OPEN,-4.712,-4.712,1,True
2024-03-14 08:00:00,APTUSDT,A,RANGING,4,OPEN,-5.284,-10.567,2,True
2024-03-14 08:00:00,APTUSDT,A,RANGING,12,OPEN,0.09,0.181,2,True
2024-03-14 08:00:00,APTUSDT,A,RANGING,24,STOP,-8.728,-17.456,2,True
2024-03-15 01:00:00,AVAXUSDT,B,TRENDING,4,OPEN,-1.032,-3.095,3,False
2024-03-15 01:00:00,AVAXUSDT,B,TRENDING,12,STOP,-7.532,-22.595,3,False
2024-03-15 01:00:00,AVAXUSDT,B,TRENDING,24,STOP,-7.532,-22.595,3,False
2024-03-18 07:00:00,LINKUSDT,A,RANGING,4,OPEN,-0.07,-0.42,6,True
2024-03-18 07:00:00,LINKUSDT,A,RANGING,12,STOP,-3.861,-23.169,6,True
2024-03-18 07:00:00,LINKUSDT,A,RANGING,24,STOP,-3.861,-23.169,6,True
2024-03-18 07:00:00,DOTUSDT,A,RANGING,4,OPEN,-2.435,-9.74,4,True
2024-03-18 07:00:00,DOTUSDT,A,RANGING,12,STOP,-5.234,-20.937,4,True
2024-03-18 07:00:00,DOTUSDT,A,RANGING,24,STOP,-5.234,-20.937,4,True
2024-03-21 10:00:00,BNBUSDT,B,RANGING,4,OPEN,0.47,2.822,6,False
2024-03-21 10:00:00,BNBUSDT,B,RANGING,12,OPEN,0.599,3.593,6,False
2024-03-21 10:00:00,BNBUSDT,B,RANGING,24,OPEN,0.269,1.612,6,False
2024-03-21 13:00:00,LINKUSDT,A,RANGING,4,OPEN,0.089,0.536,6,True
2024-03-21 13:00:00,LINKUSDT,A,RANGING,12,OPEN,-0.256,-1.536,6,True
2024-03-21 13:00:00,LINKUSDT,A,RANGING,24,STOP,-3.998,-23.989,6,True
2024-03-23 09:00:00,LTCUSDT,B,RANGING,4,OPEN,-0.47,-2.352,5,True
2024-03-23 09:00:00,LTCUSDT,B,RANGING,12,OPEN,-1.704,-8.52,5,True
2024-03-23 09:00:00,LTCUSDT,B,RANGING,24,OPEN,1.074,5.372,5,True
2024-03-25 00:00:00,NEARUSDT,A,RANGING,4,OPEN,0.462,0.923,2,True
2024-03-25 00:00:00,NEARUSDT,A,RANGING,12,OPEN,4.516,9.033,2,True
2024-03-25 00:00:00,NEARUSDT,A,RANGING,24,OPEN,8.655,17.311,2,True
2024-03-25 00:00:00,OPUSDT,B,RANGING,4,OPEN,1.793,8.964,5,True
2024-03-25 00:00:00,OPUSDT,B,RANGING,12,OPEN,1.782,8.911,5,True
2024-03-25 00:00:00,OPUSDT,B,RANGING,24,OPEN,3.396,16.978,5,True
2024-03-28 06:00:00,LTCUSDT,B,RANGING,4,OPEN,-1.049,-6.293,6,True
2024-03-28 06:00:00,LTCUSDT,B,RANGING,12,OPEN,-2.594,-15.564,6,True
2024-03-28 06:00:00,LTCUSDT,B,RANGING,24,OPEN,-0.592,-3.555,6,True
2024-03-28 22:00:00,AVAXUSDT,B,RANGING,4,OPEN,-0.937,-13.119,14,False
2024-03-28 22:00:00,AVAXUSDT,B,RANGING,12,STOP,-1.94,-27.164,14,False
2024-03-28 22:00:00,AVAXUSDT,B,RANGING,24,STOP,-1.94,-27.164,14,False
2024-03-29 14:00:00,SOLUSDT,A,RANGING,4,TARGET,1.671,31.754,19,False
2024-03-29 14:00:00,SOLUSDT,A,RANGING,12,TARGET,1.671,31.754,19,False
2024-03-29 14:00:00,SOLUSDT,A,RANGING,24,TARGET,1.671,31.754,19,False
2024-03-29 20:00:00,SOLUSDT,A,RANGING,4,OPEN,-0.374,-1.869,5,False
2024-03-29 20:00:00,SOLUSDT,A,RANGING,12,OPEN,1.707,8.536,5,False
2024-03-29 20:00:00,SOLUSDT,A,RANGING,24,OPEN,1.806,9.031,5,False
2024-03-29 21:00:00,APTUSDT,A,RANGING,4,OPEN,1.969,15.749,8,True
2024-03-29 21:00:00,APTUSDT,A,RANGING,12,OPEN,-1.214,-9.71,8,True
2024-03-29 21:00:00,APTUSDT,A,RANGING,24,STOP,-3.271,-26.168,8,True
2024-03-30 02:00:00,ATOMUSDT,A,RANGING,4,OPEN,-0.806,-4.836,6,True
2024-03-30 02:00:00,ATOMUSDT,A,RANGING,12,OPEN,-1.498,-8.988,6,True
2024-03-30 02:00:00,ATOMUSDT,A,RANGING,24,OPEN,-3.071,-18.424,6,True
2024-03-30 03:00:00,OPUSDT,A,RANGING,4,OPEN,-1.552,-6.208,4,True
2024-03-30 03:00:00,OPUSDT,A,RANGING,12,OPEN,-1.719,-6.878,4,True
2024-03-30 03:00:00,OPUSDT,A,RANGING,24,OPEN,-1.284,-5.135,4,True
2024-03-31 13:00:00,DOTUSDT,B,RANGING,4,OPEN,-0.125,-1.252,10,True
2024-03-31 13:00:00,DOTUSDT,B,RANGING,12,OPEN,0.75,7.501,10,True
2024-03-31 13:00:00,DOTUSDT,B,RANGING,24,STOP,-2.678,-26.78,10,True
2024-03-31 14:00:00,NEARUSDT,A,RANGING,4,OPEN,-1.773,-14.18,8,True
2024-03-31 14:00:00,NEARUSDT,A,RANGING,12,STOP,-3.149,-25.193,8,True
2024-03-31 14:00:00,NEARUSDT,A,RANGING,24,STOP,-3.149,-25.193,8,True
2024-03-31 14:00:00,APTUSDT,B,RANGING,4,OPEN,0.223,1.787,8,True
2024-03-31 14:00:00,APTUSDT,B,RANGING,12,TARGET,4.055,32.438,8,True
2024-03-31 14:00:00,APTUSDT,B,RANGING,24,TARGET,4.055,32.438,8,True
2024-03-31 15:00:00,LTCUSDT,A,RANGING,4,TARGET,1.908,32.441,17,True
2024-03-31 15:00:00,LTCUSDT,A,RANGING,12,TARGET,1.908,32.441,17,True
2024-03-31 15:00:00,LTCUSDT,A,RANGING,24,TARGET,1.908,32.441,17,True
2024-04-03 06:00:00,NEARUSDT,B,TRENDING,4,OPEN,-2.036,-2.036,1,True
2024-04-03 06:00:00,NEARUSDT,B,TRENDING,12,OPEN,-3.919,-3.919,1,True
2024-04-03 06:00:00,NEARUSDT,B,TRENDING,24,OPEN,-1.072,-1.072,1,True
2024-04-04 09:00:00,ATOMUSDT,A,RANGING,4,OPEN,-0.123,-0.615,5,True
2024-04-04 09:00:00,ATOMUSDT,A,RANGING,12,OPEN,-0.924,-4.618,5,True
2024-04-04 09:00:00,ATOMUSDT,A,RANGING,24,OPEN,-3.604,-18.022,5,True
2024-04-12 04:00:00,BNBUSDT,A,RANGING,4,OPEN,-0.635,-3.173,5,False
2024-04-12 04:00:00,BNBUSDT,A,RANGING,12,STOP,-4.976,-24.878,5,False
2024-04-12 04:00:00,BNBUSDT,A,RANGING,24,STOP,-4.976,-24.878,5,False
2024-04-18 11:00:00,LTCUSDT,B,RANGING,4,OPEN,-1.261,-7.567,6,True
2024-04-18 11:00:00,LTCUSDT,B,RANGING,12,STOP,-3.873,-23.24,6,True
2024-04-18 11:00:00,LTCUSDT,B,RANGING,24,STOP,-3.873,-23.24,6,True
2024-04-20 06:00:00,NEARUSDT,A,RANGING,4,OPEN,-1.747,-6.987,4,True
2024-04-20 06:00:00,NEARUSDT,A,RANGING,12,OPEN,6.117,24.468,4,True
2024-04-20 06:00:00,NEARUSDT,A,RANGING,24,TARGET,7.748,30.99,4,True
2024-04-20 14:00:00,INJUSDT,A,RANGING,4,OPEN,2.05,10.248,5,True
2024-04-20 14:00:00,INJUSDT,A,RANGING,12,OPEN,2.368,11.841,5,True
2024-04-20 14:00:00,INJUSDT,A,RANGING,24,OPEN,-2.092,-10.459,5,True
2024-04-22 00:00:00,DOTUSDT,B,RANGING,4,TARGET,4.41,35.28,8,True
2024-04-22 00:00:00,DOTUSDT,B,RANGING,12,TARGET,4.41,35.28,8,True
2024-04-22 00:00:00,DOTUSDT,B,RANGING,24,TARGET,4.41,35.28,8,True
2024-04-22 00:00:00,BNBUSDT,B,RANGING,4,OPEN,3.182,22.273,7,False
2024-04-22 00:00:00,BNBUSDT,B,RANGING,12,OPEN,1.771,12.395,7,False
2024-04-22 00:00:00,BNBUSDT,B,RANGING,24,OPEN,2.713,18.989,7,False
2024-04-22 01:00:00,LTCUSDT,A,RANGING,4,OPEN,-0.813,-4.88,6,True
2024-04-22 01:00:00,LTCUSDT,A,RANGING,12,OPEN,-0.661,-3.967,6,True
2024-04-22 01:00:00,LTCUSDT,A,RANGING,24,OPEN,-1.094,-6.565,6,True
2024-04-26 12:00:00,LTCUSDT,A,RANGING,4,OPEN,-0.183,-0.732,4,True
2024-04-26 12:00:00,LTCUSDT,A,RANGING,12,OPEN,-0.989,-3.956,4,True
2024-04-26 12:00:00,LTCUSDT,A,RANGING,24,OPEN,-3.861,-15.445,4,True
2024-04-29 13:00:00,AVAXUSDT,A,TRENDING,4,OPEN,-1.146,-3.437,3,False
2024-04-29 13:00:00,AVAXUSDT,A,TRENDING,12,OPEN,-0.52,-1.56,3,False
2024-04-29 13:00:00,AVAXUSDT,A,TRENDING,24,STOP,-6.793,-20.378,3,False
2024-05-01 12:00:00,ARBUSDT,B,TRENDING,4,OPEN,2.391,9.564,4,False
2024-05-01 12:00:00,ARBUSDT,B,TRENDING,12,OPEN,-1.267,-5.067,4,False
2024-05-01 12:00:00,ARBUSDT,B,TRENDING,24,OPEN,0.67,2.679,4,False
2024-05-01 12:00:00,OPUSDT,B,TRENDING,4,OPEN,2.576,10.303,4,True
2024-05-01 12:00:00,OPUSDT,B,TRENDING,12,TARGET,8.802,35.207,4,True
2024-05-01 12:00:00,OPUSDT,B,TRENDING,24,TARGET,8.802,35.207,4,True
2024-05-02 16:00:00,OPUSDT,A,RANGING,4,OPEN,2.836,11.346,4,True
2024-05-02 16:00:00,OPUSDT,A,RANGING,12,OPEN,2.046,8.185,4,True
2024-05-02 16:00:00,OPUSDT,A,RANGING,24,OPEN,0.044,0.175,4,True
2024-05-05 00:00:00,AVAXUSDT,B,TRENDING,4,OPEN,-1.362,-5.446,4,False
2024-05-05 00:00:00,AVAXUSDT,B,TRENDING,12,OPEN,-0.731,-2.925,4,False
2024-05-05 00:00:00,AVAXUSDT,B,TRENDING,24,OPEN,-0.798,-3.192,4,False
2024-05-06 08:00:00,DOTUSDT,B,TRENDING,4,STOP,-1.477,-29.535,20,True
2024-05-06 08:00:00,DOTUSDT,B,TRENDING,12,STOP,-1.477,-29.535,20,True
2024-05-06 08:00:00,DOTUSDT,B,TRENDING,24,STOP,-1.477,-29.535,20,True
2024-05-06 08:00:00,ETHUSDT,B,TRENDING,4,STOP,-1.413,-29.666,21,False
2024-05-06 08:00:00,ETHUSDT,B,TRENDING,12,STOP,-1.413,-29.666,21,False
2024-05-06 08:00:00,ETHUSDT,B,TRENDING,24,STOP,-1.413,-29.666,21,False
2024-05-08 19:00:00,BNBUSDT,B,TRENDING,4,OPEN,-0.005,-0.067,13,False
2024-05-08 19:00:00,BNBUSDT,B,TRENDING,12,OPEN,1.32,17.155,13,False
2024-05-08 19:00:00,BNBUSDT,B,TRENDING,24,TARGET,2.608,33.904,13,False
2024-05-09 04:00:00,NEARUSDT,A,TRENDING,4,OPEN,-4.009,-12.026,3,True
2024-05-09 04:00:00,NEARUSDT,A,TRENDING,12,OPEN,-1.068,-3.205,3,True
2024-05-09 04:00:00,NEARUSDT,A,TRENDING,24,OPEN,4.219,12.658,3,True
2024-05-09 15:00:00,BNBUSDT,B,TRENDING,4,OPEN,0.39,8.584,22,False
2024-05-09 15:00:00,BNBUSDT,B,TRENDING,12,OPEN,-0.043,-0.941,22,False
2024-05-09 15:00:00,BNBUSDT,B,TRENDING,24,STOP,-1.351,-29.72,22,False
2024-05-10 12:00:00,INJUSDT,B,TRENDING,4,OPEN,-2.736,-5.473,2,True
2024-05-10 12:00:00,INJUSDT,B,TRENDING,12,OPEN,-5.415,-10.83,2,True
2024-05-10 12:00:00,INJUSDT,B,TRENDING,24,OPEN,-6.985,-13.97,2,True
2024-05-14 11:00:00,LTCUSDT,B,TRENDING,4,STOP,-1.438,-28.766,20,True
2024-05-14 11:00:00,LTCUSDT,B,TRENDING,12,STOP,-1.438,-28.766,20,True
2024-05-14 11:00:00,LTCUSDT,B,TRENDING,24,STOP,-1.438,-28.766,20,True
2024-05-14 12:00:00,AVAXUSDT,A,TRENDING,4,OPEN,-0.121,-1.696,14,False
2024-05-14 12:00:00,AVAXUSDT,A,TRENDING,12,STOP,-1.93,-27.016,14,False
2024-05-14 12:00:00,AVAXUSDT,A,TRENDING,24,STOP,-1.93,-27.016,14,False
2024-05-14 12:00:00,NEARUSDT,A,TRENDING,4,STOP,-0.697,-37.632,54,True
2024-05-14 12:00:00,NEARUSDT,A,TRENDING,12,STOP,-0.697,-37.632,54,True
2024-05-14 12:00:00,NEARUSDT,A,TRENDING,24,STOP,-0.697,-37.632,54,True
2024-05-18 00:00:00,LINKUSDT,B,TRENDING,4,OPEN,0.673,8.077,12,True
2024-05-18 00:00:00,LINKUSDT,B,TRENDING,12,OPEN,1.136,13.629,12,True
2024-05-18 00:00:00,LINKUSDT,B,TRENDING,24,OPEN,0.901,10.816,12,True
2024-05-18 00:00:00,ARBUSDT,B,TRENDING,4,OPEN,-0.464,-1.857,4,False
2024-05-18 00:00:00,ARBUSDT,B,TRENDING,12,OPEN,-1.616,-6.464,4,False
2024-05-18 00:00:00,ARBUSDT,B,TRENDING,24,OPEN,-0.103,-0.413,4,False
2024-05-18 00:00:00,AVAXUSDT,B,TRENDING,4,OPEN,0.151,1.057,7,False
2024-05-18 00:00:00,AVAXUSDT,B,TRENDING,12,OPEN,-0.588,-4.116,7,False
2024-05-18 00:00:00,AVAXUSDT,B,TRENDING,24,OPEN,0.853,5.968,7,False
2024-05-20 00:00:00,ATOMUSDT,A,RANGING,4,OPEN,-0.689,-11.708,17,True
2024-05-20 00:00:00,ATOMUSDT,A,RANGING,12,OPEN,-0.592,-10.059,17,True
2024-05-20 00:00:00,ATOMUSDT,A,RANGING,24,TARGET,1.939,32.968,17,True
2024-05-20 00:00:00,ARBUSDT,A,RANGING,4,TARGET,1.493,31.36,21,False
2024-05-20 00:00:00,ARBUSDT,A,RANGING,12,TARGET,1.493,31.36,21,False
2024-05-20 00:00:00,ARBUSDT,A,RANGING,24,TARGET,1.493,31.36,21,False
2024-05-24 03:00:00,APTUSDT,B,TRENDING,4,OPEN,-1.815,-3.631,2,True
2024-05-24 03:00:00,APTUSDT,B,TRENDING,12,OPEN,-1.827,-3.653,2,True
2024-05-24 03:00:00,APTUSDT,B,TRENDING,24,OPEN,0.515,1.029,2,True
2024-05-25 04:00:00,LTCUSDT,B,RANGING,4,OPEN,0.123,2.458,20,True
2024-05-25 04:00:00,LTCUSDT,B,RANGING,12,OPEN,-0.661,-13.223,20,True
2024-05-25 04:00:00,LTCUSDT,B,RANGING,24,OPEN,-0.907,-18.138,20,True
2024-05-25 04:00:00,NEARUSDT,A,RANGING,4,OPEN,0.466,8.847,19,True
2024-05-25 04:00:00,NEARUSDT,A,RANGING,12,TARGET,1.675,31.819,19,True
2024-05-25 04:00:00,NEARUSDT,A,RANGING,24,TARGET,1.675,31.819,19,True
2024-05-25 04:00:00,ATOMUSDT,A,RANGING,4,OPEN,0.09,0.899,10,True
2024-05-25 04:00:00,ATOMUSDT,A,RANGING,12,OPEN,-0.24,-2.399,10,True
2024-05-25 04:00:00,ATOMUSDT,A,RANGING,24,OPEN,-0.581,-5.814,10,True
2024-05-25 11:00:00,NEARUSDT,A,RANGING,4,OPEN,0.233,2.561,11,True
2024-05-25 11:00:00,NEARUSDT,A,RANGING,12,TARGET,2.978,32.76,11,True
2024-05-25 11:00:00,NEARUSDT,A,RANGING,24,TARGET,2.978,32.76,11,True
2024-05-26 02:00:00,LINKUSDT,A,TRENDING,4,OPEN,-2.098,-8.391,4,True
2024-05-26 02:00:00,LINKUSDT,A,TRENDING,12,OPEN,-3.556,-14.223,4,True
2024-05-26 02:00:00,LINKUSDT,A,TRENDING,24,OPEN,-4.141,-16.565,4,True
2024-05-27 02:00:00,OPUSDT,B,RANGING,4,OPEN,-0.645,-3.868,6,True
2024-05-27 02:00:00,OPUSDT,B,RANGING,12,OPEN,1.487,8.923,6,True
2024-05-27 02:00:00,OPUSDT,B,RANGING,24,STOP,-3.988,-23.928,6,True
2024-05-27 11:00:00,SOLUSDT,A,RANGING,4,OPEN,1.54,12.321,8,False
2024-05-27 11:00:00,SOLUSDT,A,RANGING,12,OPEN,-0.246,-1.971,8,False
2024-05-27 11:00:00,SOLUSDT,A,RANGING,24,OPEN,0.714,5.709,8,False
2024-05-28 00:00:00,INJUSDT,A,RANGING,4,STOP,-0.485,-48.527,100,True
2024-05-28 00:00:00,INJUSDT,A,RANGING,12,STOP,-0.485,-48.527,100,True
2024-05-28 00:00:00,INJUSDT,A,RANGING,24,STOP,-0.485,-48.527,100,True
2024-05-28 00:00:00,ATOMUSDT,A,RANGING,4,STOP,-1.819,-27.283,15,True
2024-05-28 00:00:00,ATOMUSDT,A,RANGING,12,STOP,-1.819,-27.283,15,True
2024-05-28 00:00:00,ATOMUSDT,A,RANGING,24,STOP,-1.819,-27.283,15,True
2024-05-28 00:00:00,AVAXUSDT,B,RANGING,4,STOP,-0.744,-36.473,49,False
2024-05-28 00:00:00,AVAXUSDT,B,RANGING,12,STOP,-0.744,-36.473,49,False
2024-05-28 00:00:00,AVAXUSDT,B,RANGING,24,STOP,-0.744,-36.473,49,False
2024-05-28 00:00:00,APTUSDT,A,RANGING,4,STOP,-2.215,-26.585,12,True
2024-05-28 00:00:00,APTUSDT,A,RANGING,12,STOP,-2.215,-26.585,12,True
2024-05-28 00:00:00,APTUSDT,A,RANGING,24,STOP,-2.215,-26.585,12,True
2024-05-31 00:00:00,MATICUSDT,B,RANGING,4,OPEN,-0.898,-10.774,12,False
2024-05-31 00:00:00,MATICUSDT,B,RANGING,12,OPEN,-0.34,-4.08,12,False
2024-05-31 00:00:00,MATICUSDT,B,RANGING,24,STOP,-2.276,-27.314,12,False
2024-05-31 00:00:00,LTCUSDT,A,RANGING,4,OPEN,-0.536,-10.729,20,True
2024-05-31 00:00:00,LTCUSDT,A,RANGING,12,OPEN,-1.118,-22.355,20,True
2024-05-31 00:00:00,LTCUSDT,A,RANGING,24,STOP,-1.483,-29.654,20,True
2024-05-31 00:00:00,NEARUSDT,B,RANGING,4,OPEN,-0.854,-11.101,13,True
2024-05-31 00:00:00,NEARUSDT,B,RANGING,12,STOP,-2.07,-26.905,13,True
2024-05-31 00:00:00,NEARUSDT,B,RANGING,24,STOP,-2.07,-26.905,13,True
2024-05-31 00:00:00,APTUSDT,A,RANGING,4,OPEN,-0.621,-3.724,6,True
2024-05-31 00:00:00,APTUSDT,A,RANGING,12,OPEN,-0.762,-4.572,6,True
2024-05-31 00:00:00,APTUSDT,A,RANGING,24,OPEN,-0.468,-2.81,6,True
2024-05-31 20:00:00,LINKUSDT,B,RANGING,4,OPEN,-0.987,-3.949,4,True
2024-05-31 20:00:00,LINKUSDT,B,RANGING,12,OPEN,0.237,0.947,4,True
2024-05-31 20:00:00,LINKUSDT,B,RANGING,24,OPEN,-0.056,-0.223,4,True
2024-05-31 23:00:00,APTUSDT,B,RANGING,4,OPEN,-0.612,-6.727,11,True
2024-05-31 23:00:00,APTUSDT,B,RANGING,12,OPEN,-0.797,-8.771,11,True
2024-05-31 23:00:00,APTUSDT,B,RANGING,24,OPEN,-0.305,-3.36,11,True
2024-05-31 23:00:00,LTCUSDT,A,RANGING,4,OPEN,0.181,2.528,14,True
2024-05-31 23:00:00,LTCUSDT,A,RANGING,12,OPEN,0.361,5.051,14,True
2024-05-31 23:00:00,LTCUSDT,A,RANGING,24,OPEN,0.06,0.846,14,True
2024-05-31 23:00:00,NEARUSDT,B,RANGING,4,OPEN,-0.681,-6.13,9,True
2024-05-31 23:00:00,NEARUSDT,B,RANGING,12,OPEN,-0.254,-2.283,9,True
2024-05-31 23:00:00,NEARUSDT,B,RANGING,24,OPEN,1.622,14.594,9,True
2024-05-31 23:00:00,INJUSDT,A,RANGING,4,OPEN,0.08,2.075,26,True
2024-05-31 23:00:00,INJUSDT,A,RANGING,12,STOP,-1.175,-30.561,26,True
2024-05-31 23:00:00,INJUSDT,A,RANGING,24,STOP,-1.175,-30.561,26,True
2024-06-01 21:00:00,SOLUSDT,B,RANGING,4,STOP,-0.359,-35.911,100,False
2024-06-01 21:00:00,SOLUSDT,B,RANGING,12,STOP,-0.359,-35.911,100,False
2024-06-01 21:00:00,SOLUSDT,B,RANGING,24,STOP,-0.359,-35.911,100,False
2024-06-01 21:00:00,ETHUSDT,A,RANGING,4,OPEN,-0.462,-9.7,21,False
2024-06-01 21:00:00,ETHUSDT,A,RANGING,12,STOP,-1.399,-29.379,21,False
2024-06-01 21:00:00,ETHUSDT,A,RANGING,24,STOP,-1.399,-29.379,21,False
2024-06-01 21:00:00,ARBUSDT,B,RANGING,4,OPEN,-0.539,-9.166,17,False
2024-06-01 21:00:00,ARBUSDT,B,RANGING,12,STOP,-1.633,-27.754,17,False
2024-06-01 21:00:00,ARBUSDT,B,RANGING,24,STOP,-1.633,-27.754,17,False
2024-06-03 00:00:00,ATOMUSDT,A,RANGING,4,OPEN,0.2,1.397,7,True
2024-06-03 00:00:00,ATOMUSDT,A,RANGING,12,OPEN,-0.525,-3.674,7,True
2024-06-03 00:00:00,ATOMUSDT,A,RANGING,24,OPEN,-0.786,-5.504,7,True
2024-06-03 00:00:00,ARBUSDT,A,RANGING,4,OPEN,0.451,2.708,6,False
2024-06-03 00:00:00,ARBUSDT,A,RANGING,12,OPEN,-0.949,-5.693,6,False
2024-06-03 00:00:00,ARBUSDT,A,RANGING,24,OPEN,-1.986,-11.914,6,False
2024-06-03 00:00:00,APTUSDT,A,RANGING,4,OPEN,0.752,5.267,7,True
2024-06-03 00:00:00,APTUSDT,A,RANGING,12,OPEN,-1.376,-9.629,7,True
2024-06-03 00:00:00,APTUSDT,A,RANGING,24,OPEN,-0.89,-6.233,7,True
2024-06-03 01:00:00,BNBUSDT,B,RANGING,4,TARGET,3.506,31.554,9,False
2024-06-03 01:00:00,BNBUSDT,B,RANGING,12,TARGET,3.506,31.554,9,False
2024-06-03 01:00:00,BNBUSDT,B,RANGING,24,TARGET,3.506,31.554,9,False
2024-06-03 04:00:00,BNBUSDT,B,RANGING,4,OPEN,0.113,0.451,4,False
2024-06-03 04:00:00,BNBUSDT,B,RANGING,12,OPEN,-0.8,-3.202,4,False
2024-06-03 04:00:00,BNBUSDT,B,RANGING,24,OPEN,-0.227,-0.909,4,False
2024-06-05 00:00:00,INJUSDT,B,TRENDING,4,TARGET,4.063,32.502,8,True
2024-06-05 00:00:00,INJUSDT,B,TRENDING,12,TARGET,4.063,32.502,8,True
2024-06-05 00:00:00,INJUSDT,B,TRENDING,24,TARGET,4.063,32.502,8,True
2024-06-07 09:00:00,APTUSDT,A,RANGING,4,OPEN,0.557,3.9,7,True
2024-06-07 09:00:00,APTUSDT,A,RANGING,12,STOP,-3.558,-24.905,7,True
2024-06-07 09:00:00,APTUSDT,A,RANGING,24,STOP,-3.558,-24.905,7,True
2024-06-07 12:00:00,BNBUSDT,A,RANGING,4,STOP,-1.651,-28.07,17,False
2024-06-07 12:00:00,BNBUSDT,A,RANGING,12,STOP,-1.651,-28.07,17,False
2024-06-07 12:00:00,BNBUSDT,A,RANGING,24,STOP,-1.651,-28.07,17,False
2024-06-10 13:00:00,ETHUSDT,B,RANGING,4,OPEN,-1.143,-12.578,11,False
2024-06-10 13:00:00,ETHUSDT,B,RANGING,12,STOP,-2.375,-26.125,11,False
2024-06-10 13:00:00,ETHUSDT,B,RANGING,24,STOP,-2.375,-26.125,11,False
2024-06-13 14:00:00,ETHUSDT,B,RANGING,4,STOP,-0.684,-38.31,56,False
2024-06-13 14:00:00,ETHUSDT,B,RANGING,12,STOP,-0.684,-38.31,56,False
2024-06-13 14:00:00,ETHUSDT,B,RANGING,24,STOP,-0.684,-38.31,56,False
2024-06-14 05:00:00,LTCUSDT,B,TRENDING,4,OPEN,0.124,2.112,17,True
2024-06-14 05:00:00,LTCUSDT,B,TRENDING,12,STOP,-1.689,-28.705,17,True
2024-06-14 05:00:00,LTCUSDT,B,TRENDING,24,STOP,-1.689,-28.705,17,True
2024-06-19 01:00:00,OPUSDT,B,TRENDING,4,OPEN,0.681,1.362,2,True
2024-06-19 01:00:00,OPUSDT,B,TRENDING,12,OPEN,-2.682,-5.364,2,True
2024-06-19 01:00:00,OPUSDT,B,TRENDING,24,OPEN,-0.954,-1.908,2,True
2024-06-19 01:00:00,LTCUSDT,B,TRENDING,4,OPEN,-1.096,-4.385,4,True
2024-06-19 01:00:00,LTCUSDT,B,TRENDING,12,OPEN,-1.163,-4.652,4,True
2024-06-19 01:00:00,LTCUSDT,B,TRENDING,24,OPEN,-0.976,-3.903,4,True
2024-06-19 01:00:00,ARBUSDT,B,TRENDING,4,OPEN,-1.0,-3.001,3,False
2024-06-19 01:00:00,ARBUSDT,B,TRENDING,12,OPEN,-2.654,-7.962,3,False
2024-06-19 01:00:00,ARBUSDT,B,TRENDING,24,OPEN,-1.531,-4.594,3,False
2024-06-20 22:00:00,APTUSDT,B,RANGING,4,OPEN,1.239,8.67,7,True
2024-06-20 22:00:00,APTUSDT,B,RANGING,12,OPEN,-0.573,-4.013,7,True
2024-06-20 22:00:00,APTUSDT,B,RANGING,24,OPEN,-0.646,-4.52,7,True
2024-06-22 16:00:00,ARBUSDT,B,RANGING,4,OPEN,0.008,0.08,10,False
2024-06-22 16:00:00,ARBUSDT,B,RANGING,12,OPEN,0.169,1.691,10,False
2024-06-22 16:00:00,ARBUSDT,B,RANGING,24,STOP,-2.527,-25.269,10,False
2024-06-27 05:00:00,INJUSDT,A,RANGING,4,OPEN,1.045,6.272,6,True
2024-06-27 05:00:00,INJUSDT,A,RANGING,12,OPEN,-1.236,-7.414,6,True
2024-06-27 05:00:00,INJUSDT,A,RANGING,24,OPEN,-1.695,-10.171,6,True
2024-06-27 06:00:00,INJUSDT,B,RANGING,4,OPEN,1.723,8.617,5,True
2024-06-27 06:00:00,INJUSDT,B,RANGING,12,OPEN,-1.634,-8.168,5,True
2024-06-27 06:00:00,INJUSDT,B,RANGING,24,OPEN,-1.243,-6.214,5,True
2024-06-28 12:00:00,INJUSDT,A,RANGING,4,STOP,-1.348,-29.661,22,True
2024-06-28 12:00:00,INJUSDT,A,RANGING,12,STOP,-1.348,-29.661,22,True
2024-06-28 12:00:00,INJUSDT,A,RANGING,24,STOP,-1.348,-29.661,22,True
2024-06-28 12:00:00,AVAXUSDT,B,RANGING,4,OPEN,-0.558,-7.817,14,False
2024-06-28 12:00:00,AVAXUSDT,B,RANGING,12,OPEN,0.089,1.25,14,False
2024-06-28 12:00:00,AVAXUSDT,B,RANGING,24,STOP,-2.007,-28.095,14,False
2024-07-02 22:00:00,OPUSDT,B,RANGING,4,STOP,-2.904,-26.134,9,True
2024-07-02 22:00:00,OPUSDT,B,RANGING,12,STOP,-2.904,-26.134,9,True
2024-07-02 22:00:00,OPUSDT,B,RANGING,24,STOP,-2.904,-26.134,9,True
2024-07-03 00:00:00,APTUSDT,B,RANGING,4,STOP,-0.448,-44.784,100,True
2024-07-03 00:00:00,APTUSDT,B,RANGING,12,STOP,-0.448,-44.784,100,True
2024-07-03 00:00:00,APTUSDT,B,RANGING,24,STOP,-0.448,-44.784,100,True
2024-07-03 10:00:00,LINKUSDT,B,TRENDING,4,TARGET,1.299,31.178,24,True
2024-07-03 10:00:00,LINKUSDT,B,TRENDING,12,TARGET,1.299,31.178,24,True
2024-07-03 10:00:00,LINKUSDT,B,TRENDING,24,TARGET,1.299,31.178,24,True
2024-07-07 21:00:00,AVAXUSDT,A,RANGING,4,STOP,-1.793,-28.686,16,False
2024-07-07 21:00:00,AVAXUSDT,A,RANGING,12,STOP,-1.793,-28.686,16,False
2024-07-07 21:00:00,AVAXUSDT,A,RANGING,24,STOP,-1.793,-28.686,16,False
2024-07-09 22:00:00,MATICUSDT,A,RANGING,4,TARGET,2.531,83.534,33,False
2024-07-09 22:00:00,MATICUSDT,A,RANGING,12,TARGET,2.531,83.534,33,False
2024-07-09 22:00:00,MATICUSDT,A,RANGING,24,TARGET,2.531,83.534,33,False
2024-07-09 22:00:00,OPUSDT,A,RANGING,4,OPEN,4.16,12.479,3,True
2024-07-09 22:00:00,OPUSDT,A,RANGING,12,OPEN,1.561,4.684,3,True
2024-07-09 22:00:00,OPUSDT,A,RANGING,24,OPEN,4.241,12.724,3,True
2024-07-14 19:00:00,DOTUSDT,A,TRENDING,4,OPEN,-0.035,-0.282,8,True
2024-07-14 19:00:00,DOTUSDT,A,TRENDING,12,OPEN,0.043,0.348,8,True
2024-07-14 19:00:00,DOTUSDT,A,TRENDING,24,OPEN,0.941,7.527,8,True
2024-07-15 15:00:00,OPUSDT,B,TRENDING,4,OPEN,1.018,12.216,12,True
2024-07-15 15:00:00,OPUSDT,B,TRENDING,12,TARGET,2.837,34.042,12,True
2024-07-15 15:00:00,OPUSDT,B,TRENDING,24,TARGET,2.837,34.042,12,True
2024-07-17 21:00:00,SOLUSDT,A,RANGING,4,TARGET,1.363,31.347,23,False
2024-07-17 21:00:00,SOLUSDT,A,RANGING,12,TARGET,1.363,31.347,23,False
2024-07-17 21:00:00,SOLUSDT,A,RANGING,24,TARGET,1.363,31.347,23,False
2024-07-19 13:00:00,BNBUSDT,A,RANGING,4,OPEN,0.393,1.963,5,False
2024-07-19 13:00:00,BNBUSDT,A,RANGING,12,OPEN,-0.429,-2.144,5,False
2024-07-19 13:00:00,BNBUSDT,A,RANGING,24,OPEN,0.298,1.491,5,False
2024-07-19 15:00:00,BNBUSDT,A,RANGING,4,OPEN,-0.292,-1.461,5,False
2024-07-19 15:00:00,BNBUSDT,A,RANGING,12,OPEN,-0.474,-2.371,5,False
2024-07-19 15:00:00,BNBUSDT,A,RANGING,24,OPEN,0.522,2.61,5,False
2024-07-22 00:00:00,LTCUSDT,B,RANGING,4,OPEN,-1.815,-9.076,5,True
2024-07-22 00:00:00,LTCUSDT,B,RANGING,12,OPEN,-3.404,-17.02,5,True
2024-07-22 00:00:00,LTCUSDT,B,RANGING,24,STOP,-4.758,-23.791,5,True
2024-07-25 12:00:00,MATICUSDT,B,TRENDING,4,STOP,-1.849,-27.729,15,False
2024-07-25 12:00:00,MATICUSDT,B,TRENDING,12,STOP,-1.849,-27.729,15,False
2024-07-25 12:00:00,MATICUSDT,B,TRENDING,24,STOP,-1.849,-27.729,15,False
2024-07-25 12:00:00,ATOMUSDT,B,TRENDING,4,STOP,-2.18,-26.16,12,True
2024-07-25 12:00:00,ATOMUSDT,B,TRENDING,12,STOP,-2.18,-26.16,12,True
2024-07-25 12:00:00,ATOMUSDT,B,TRENDING,24,STOP,-2.18,-26.16,12,True
2024-07-25 12:00:00,INJUSDT,B,TRENDING,4,OPEN,-2.877,-8.63,3,True
2024-07-25 12:00:00,INJUSDT,B,TRENDING,12,OPEN,1.017,3.05,3,True
2024-07-25 12:00:00,INJUSDT,B,TRENDING,24,OPEN,5.034,15.101,3,True
2024-07-27 07:00:00,NEARUSDT,B,TRENDING,4,OPEN,1.684,10.105,6,True
2024-07-27 07:00:00,NEARUSDT,B,TRENDING,12,STOP,-3.867,-23.202,6,True
2024-07-27 07:00:00,NEARUSDT,B,TRENDING,24,STOP,-3.867,-23.202,6,True
2024-07-30 05:00:00,MATICUSDT,B,TRENDING,4,OPEN,-1.46,-8.76,6,False
2024-07-30 05:00:00,MATICUSDT,B,TRENDING,12,STOP,-4.078,-24.465,6,False
2024-07-30 05:00:00,MATICUSDT,B,TRENDING,24,STOP,-4.078,-24.465,6,False
2024-08-02 12:00:00,NEARUSDT,A,RANGING,4,STOP,-1.075,-31.172,29,True
2024-08-02 12:00:00,NEARUSDT,A,RANGING,12,STOP,-1.075,-31.172,29,True
2024-08-02 12:00:00,NEARUSDT,A,RANGING,24,STOP,-1.075,-31.172,29,True
2024-08-09 19:00:00,APTUSDT,B,RANGING,4,OPEN,-0.501,-5.009,10,True
2024-08-09 19:00:00,APTUSDT,B,RANGING,12,OPEN,2.84,28.399,10,True
2024-08-09 19:00:00,APTUSDT,B,RANGING,24,TARGET,3.495,34.954,10,True
2024-08-11 06:00:00,APTUSDT,B,RANGING,4,OPEN,-1.805,-7.219,4,True
2024-08-11 06:00:00,APTUSDT,B,RANGING,12,STOP,-5.699,-22.796,4,True
2024-08-11 06:00:00,APTUSDT,B,RANGING,24,STOP,-5.699,-22.796,4,True
2024-08-17 11:00:00,LTCUSDT,A,RANGING,4,OPEN,-0.683,-5.466,8,True
2024-08-17 11:00:00,LTCUSDT,A,RANGING,12,OPEN,-0.136,-1.091,8,True
2024-08-17 11:00:00,LTCUSDT,A,RANGING,24,OPEN,-1.156,-9.249,8,True
2024-08-17 17:00:00,OPUSDT,A,RANGING,4,OPEN,1.704,8.522,5,True
2024-08-17 17:00:00,OPUSDT,A,RANGING,12,OPEN,0.193,0.965,5,True
2024-08-17 17:00:00,OPUSDT,A,RANGING,24,OPEN,2.745,13.724,5,True
2024-08-18 21:00:00,APTUSDT,B,TRENDING,4,STOP,-0.602,-41.507,69,True
2024-08-18 21:00:00,APTUSDT,B,TRENDING,12,STOP,-0.602,-41.507,69,True
2024-08-18 21:00:00,APTUSDT,B,TRENDING,24,STOP,-0.602,-41.507,69,True
2024-08-21 13:00:00,MATICUSDT,B,RANGING,4,OPEN,6.568,19.705,3,False
2024-08-21 13:00:00,MATICUSDT,B,RANGING,12,TARGET,9.596,28.787,3,False
2024-08-21 13:00:00,MATICUSDT,B,RANGING,24,TARGET,9.596,28.787,3,False
2024-08-22 20:00:00,LTCUSDT,A,RANGING,4,OPEN,-0.162,-1.778,11,True
2024-08-22 20:00:00,LTCUSDT,A,RANGING,12,OPEN,0.104,1.148,11,True
2024-08-22 20:00:00,LTCUSDT,A,RANGING,24,TARGET,3.031,33.341,11,True
2024-08-24 15:00:00,AVAXUSDT,B,TRENDING,4,OPEN,-2.695,-10.779,4,False
2024-08-24 15:00:00,AVAXUSDT,B,TRENDING,12,OPEN,-2.39,-9.559,4,False
2024-08-24 15:00:00,AVAXUSDT,B,TRENDING,24,OPEN,-2.038,-8.15,4,False
2024-08-25 03:00:00,DOTUSDT,A,TRENDING,4,STOP,-1.432,-28.635,20,True
2024-08-25 03:00:00,DOTUSDT,A,TRENDING,12,STOP,-1.432,-28.635,20,True
2024-08-25 03:00:00,DOTUSDT,A,TRENDING,24,STOP,-1.432,-28.635,20,True
2024-08-26 06:00:00,LINKUSDT,A,TRENDING,4,OPEN,-2.735,-10.94,4,True
2024-08-26 06:00:00,LINKUSDT,A,TRENDING,12,OPEN,-4.61,-18.44,4,True
2024-08-26 06:00:00,LINKUSDT,A,TRENDING,24,STOP,-5.688,-22.753,4,True
2024-09-08 04:00:00,BNBUSDT,B,RANGING,4,OPEN,0.981,12.747,13,False
2024-09-08 04:00:00,BNBUSDT,B,RANGING,12,OPEN,-0.469,-6.093,13,False
2024-09-08 04:00:00,BNBUSDT,B,RANGING,24,OPEN,1.492,19.4,13,False
2024-09-08 04:00:00,ARBUSDT,A,RANGING,4,OPEN,0.332,3.319,10,False
2024-09-08 04:00:00,ARBUSDT,A,RANGING,12,OPEN,-0.851,-8.511,10,False
2024-09-08 04:00:00,ARBUSDT,A,RANGING,24,OPEN,0.608,6.079,10,False
2024-09-08 04:00:00,LINKUSDT,A,RANGING,4,OPEN,0.493,3.45,7,True
2024-09-08 04:00:00,LINKUSDT,A,RANGING,12,OPEN,0.073,0.509,7,True
2024-09-08 04:00:00,LINKUSDT,A,RANGING,24,OPEN,1.558,10.905,7,True
2024-09-12 12:00:00,DOTUSDT,B,RANGING,4,TARGET,1.216,30.399,25,True
2024-09-12 12:00:00,DOTUSDT,B,RANGING,12,TARGET,1.216,30.399,25,True
2024-09-12 12:00:00,DOTUSDT,B,RANGING,24,TARGET,1.216,30.399,25,True
2024-09-12 12:00:00,AVAXUSDT,A,RANGING,4,TARGET,1.199,31.175,26,False
2024-09-12 12:00:00,AVAXUSDT,A,RANGING,12,TARGET,1.199,31.175,26,False
2024-09-12 12:00:00,AVAXUSDT,A,RANGING,24,TARGET,1.199,31.175,26,False
2024-09-13 04:00:00,APTUSDT,A,RANGING,4,OPEN,0.824,14.014,17,True
2024-09-13 04:00:00,APTUSDT,A,RANGING,12,TARGET,1.951,33.161,17,True
2024-09-13 04:00:00,APTUSDT,A,RANGING,24,TARGET,1.951,33.161,17,True
2024-09-13 11:00:00,BNBUSDT,B,RANGING,4,OPEN,-0.207,-1.659,8,False
2024-09-13 11:00:00,BNBUSDT,B,RANGING,12,OPEN,0.366,2.924,8,False
2024-09-13 11:00:00,BNBUSDT,B,RANGING,24,OPEN,-0.253,-2.02,8,False
2024-09-15 00:00:00,LINKUSDT,A,RANGING,4,OPEN,-0.558,-8.92,16,True
2024-09-15 00:00:00,LINKUSDT,A,RANGING,12,STOP,-1.74,-27.839,16,True
2024-09-15 00:00:00,LINKUSDT,A,RANGING,24,STOP,-1.74,-27.839,16,True
2024-09-15 00:00:00,AVAXUSDT,A,RANGING,4,STOP,-0.529,-45.528,86,False
2024-09-15 00:00:00,AVAXUSDT,A,RANGING,12,STOP,-0.529,-45.528,86,False
2024-09-15 00:00:00,AVAXUSDT,A,RANGING,24,STOP,-0.529,-45.528,86,False
2024-09-15 00:00:00,NEARUSDT,A,RANGING,4,OPEN,-0.873,-6.986,8,True
2024-09-15 00:00:00,NEARUSDT,A,RANGING,12,OPEN,-1.976,-15.807,8,True
2024-09-15 00:00:00,NEARUSDT,A,RANGING,24,STOP,-3.05,-24.399,8,True
2024-09-20 21:00:00,ATOMUSDT,A,RANGING,4,OPEN,-0.924,-12.012,13,True
2024-09-20 21:00:00,ATOMUSDT,A,RANGING,12,OPEN,0.466,6.062,13,True
2024-09-20 21:00:00,ATOMUSDT,A,RANGING,24,TARGET,2.584,33.592,13,True
2024-09-21 00:00:00,ETHUSDT,A,RANGING,4,OPEN,-0.018,-0.286,16,False
2024-09-21 00:00:00,ETHUSDT,A,RANGING,12,OPEN,0.755,12.074,16,False
2024-09-21 00:00:00,ETHUSDT,A,RANGING,24,TARGET,2.016,32.257,16,False
2024-09-21 00:00:00,BNBUSDT,A,RANGING,4,TARGET,1.741,33.088,19,False
2024-09-21 00:00:00,BNBUSDT,A,RANGING,12,TARGET,1.741,33.088,19,False
2024-09-21 00:00:00,BNBUSDT,A,RANGING,24,TARGET,1.741,33.088,19,False
2024-09-21 00:00:00,ATOMUSDT,B,RANGING,4,OPEN,-0.218,-4.136,19,True
2024-09-21 00:00:00,ATOMUSDT,B,RANGING,12,TARGET,1.741,33.088,19,True
2024-09-21 00:00:00,ATOMUSDT,B,RANGING,24,TARGET,1.741,33.088,19,True
2024-09-21 14:00:00,INJUSDT,A,RANGING,4,OPEN,-0.771,-7.708,10,True
2024-09-21 14:00:00,INJUSDT,A,RANGING,12,STOP,-2.701,-27.011,10,True
2024-09-21 14:00:00,INJUSDT,A,RANGING,24,STOP,-2.701,-27.011,10,True
2024-09-22 20:00:00,BNBUSDT,A,RANGING,4,OPEN,1.025,10.245,10,False
2024-09-22 20:00:00,BNBUSDT,A,RANGING,12,OPEN,0.38,3.796,10,False
2024-09-22 20:00:00,BNBUSDT,A,RANGING,24,TARGET,3.288,32.877,10,False
2024-09-23 03:00:00,ATOMUSDT,B,RANGING,4,OPEN,-1.444,-8.663,6,True
2024-09-23 03:00:00,ATOMUSDT,B,RANGING,12,OPEN,-2.218,-13.307,6,True
2024-09-23 03:00:00,ATOMUSDT,B,RANGING,24,OPEN,-2.734,-16.402,6,True
2024-09-27 23:00:00,APTUSDT,B,TRENDING,4,OPEN,-1.95,-9.751,5,True
2024-09-27 23:00:00,APTUSDT,B,TRENDING,12,STOP,-4.487,-22.434,5,True
2024-09-27 23:00:00,APTUSDT,B,TRENDING,24,STOP,-4.487,-22.434,5,True
2024-10-06 08:00:00,BNBUSDT,A,RANGING,4,OPEN,0.994,21.871,22,False
2024-10-06 08:00:00,BNBUSDT,A,RANGING,12,OPEN,0.756,16.629,22,False
2024-10-06 08:00:00,BNBUSDT,A,RANGING,24,TARGET,1.438,31.631,22,False
2024-10-10 06:00:00,LINKUSDT,B,TRENDING,4,OPEN,-1.013,-10.125,10,True
2024-10-10 06:00:00,LINKUSDT,B,TRENDING,12,STOP,-2.52,-25.204,10,True
2024-10-10 06:00:00,LINKUSDT,B,TRENDING,24,STOP,-2.52,-25.204,10,True
2024-10-16 11:00:00,OPUSDT,B,TRENDING,4,OPEN,-0.246,-2.948,12,True
2024-10-16 11:00:00,OPUSDT,B,TRENDING,12,TARGET,2.856,34.266,12,True
2024-10-16 11:00:00,OPUSDT,B,TRENDING,24,TARGET,2.856,34.266,12,True
2024-10-16 11:00:00,ETHUSDT,B,TRENDING,4,OPEN,0.311,9.321,30,False
2024-10-16 11:00:00,ETHUSDT,B,TRENDING,12,OPEN,1.148,34.425,30,False
2024-10-16 11:00:00,ETHUSDT,B,TRENDING,24,OPEN,-0.489,-14.668,30,False
2024-10-16 18:00:00,BNBUSDT,B,TRENDING,4,OPEN,-0.102,-0.921,9,False
2024-10-16 18:00:00,BNBUSDT,B,TRENDING,12,OPEN,-1.017,-9.154,9,False
2024-10-16 18:00:00,BNBUSDT,B,TRENDING,24,STOP,-2.781,-25.025,9,False
2024-10-16 20:00:00,NEARUSDT,B,TRENDING,4,OPEN,-1.256,-10.045,8,True
2024-10-16 20:00:00,NEARUSDT,B,TRENDING,12,STOP,-3.335,-26.68,8,True
2024-10-16 20:00:00,NEARUSDT,B,TRENDING,24,STOP,-3.335,-26.68,8,True
2024-10-16 20:00:00,OPUSDT,B,TRENDING,4,OPEN,-3.249,-16.246,5,True
2024-10-16 20:00:00,OPUSDT,B,TRENDING,12,STOP,-5.004,-25.019,5,True
2024-10-16 20:00:00,OPUSDT,B,TRENDING,24,STOP,-5.004,-25.019,5,True
2024-10-17 22:00:00,ETHUSDT,B,RANGING,4,TARGET,1.813,32.641,18,False
2024-10-17 22:00:00,ETHUSDT,B,RANGING,12,TARGET,1.813,32.641,18,False
2024-10-17 22:00:00,ETHUSDT,B,RANGING,24,TARGET,1.813,32.641,18,False
2024-10-19 21:00:00,ATOMUSDT,A,RANGING,4,OPEN,-1.381,-11.044,8,True
2024-10-19 21:00:00,ATOMUSDT,A,RANGING,12,OPEN,0.207,1.66,8,True
2024-10-19 21:00:00,ATOMUSDT,A,RANGING,24,TARGET,4.114,32.912,8,True
2024-10-19 21:00:00,SOLUSDT,B,RANGING,4,OPEN,-0.703,-3.513,5,False
2024-10-19 21:00:00,SOLUSDT,B,RANGING,12,OPEN,-0.584,-2.919,5,False
2024-10-19 21:00:00,SOLUSDT,B,RANGING,24,OPEN,4.586,22.932,5,False
2024-10-24 13:00:00,SOLUSDT,B,RANGING,4,OPEN,0.895,7.159,8,False
2024-10-24 13:00:00,SOLUSDT,B,RANGING,12,OPEN,-0.644,-5.153,8,False
2024-10-24 13:00:00,SOLUSDT,B,RANGING,24,OPEN,-1.954,-15.629,8,False
2024-10-24 16:00:00,ATOMUSDT,A,RANGING,4,OPEN,0.455,2.275,5,True
2024-10-24 16:00:00,ATOMUSDT,A,RANGING,12,OPEN,-0.977,-4.884,5,True
2024-10-24 16:00:00,ATOMUSDT,A,RANGING,24,OPEN,-1.229,-6.147,5,True
2024-10-26 18:00:00,APTUSDT,B,TRENDING,4,OPEN,0.294,1.767,6,True
2024-10-26 18:00:00,APTUSDT,B,TRENDING,12,OPEN,-0.92,-5.521,6,True
2024-10-26 18:00:00,APTUSDT,B,TRENDING,24,OPEN,-1.833,-10.998,6,True
2024-10-27 08:00:00,SOLUSDT,A,RANGING,4,OPEN,1.353,13.535,10,False
2024-10-27 08:00:00,SOLUSDT,A,RANGING,12,OPEN,2.13,21.3,10,False
2024-10-27 08:00:00,SOLUSDT,A,RANGING,24,OPEN,1.825,18.252,10,False
2024-11-29 11:00:00,SOLUSDT,A,RANGING,4,OPEN,-1.535,-12.283,8,False
2024-11-29 11:00:00,SOLUSDT,A,RANGING,12,OPEN,-1.539,-12.316,8,False
2024-11-29 11:00:00,SOLUSDT,A,RANGING,24,OPEN,-1.412,-11.299,8,False
2024-11-30 06:00:00,BNBUSDT,B,RANGING,4,OPEN,-1.241,-7.446,6,False
2024-11-30 06:00:00,BNBUSDT,B,RANGING,12,OPEN,-1.962,-11.77,6,False
2024-11-30 06:00:00,BNBUSDT,B,RANGING,24,OPEN,-1.992,-11.949,6,False
2024-12-02 21:00:00,AVAXUSDT,A,RANGING,4,OPEN,-0.711,-1.423,2,False
2024-12-02 21:00:00,AVAXUSDT,A,RANGING,12,OPEN,-1.175,-2.35,2,False
2024-12-02 21:00:00,AVAXUSDT,A,RANGING,24,OPEN,-2.876,-5.751,2,False
2024-12-03 05:00:00,LINKUSDT,A,RANGING,4,OPEN,-2.317,-9.27,4,True
2024-12-03 05:00:00,LINKUSDT,A,RANGING,12,STOP,-5.964,-23.857,4,True
2024-12-03 05:00:00,LINKUSDT,A,RANGING,24,STOP,-5.964,-23.857,4,True
2024-12-04 06:00:00,OPUSDT,A,RANGING,4,OPEN,2.431,24.312,10,True
2024-12-04 06:00:00,OPUSDT,A,RANGING,12,TARGET,3.271,32.707,10,True
2024-12-04 06:00:00,OPUSDT,A,RANGING,24,TARGET,3.271,32.707,10,True
2024-12-04 06:00:00,AVAXUSDT,A,RANGING,4,OPEN,-0.132,-0.263,2,False
2024-12-04 06:00:00,AVAXUSDT,A,RANGING,12,OPEN,-0.858,-1.717,2,False
2024-12-04 06:00:00,AVAXUSDT,A,RANGING,24,OPEN,-4.183,-8.367,2,False
2024-12-04 06:00:00,ARBUSDT,A,RANGING,4,OPEN,0.9,0.9,1,False
2024-12-04 06:00:00,ARBUSDT,A,RANGING,12,OPEN,4.826,4.826,1,False
2024-12-04 06:00:00,ARBUSDT,A,RANGING,24,OPEN,3.469,3.469,1,False
2024-12-04 08:00:00,ATOMUSDT,B,RANGING,4,OPEN,-0.24,-0.48,2,True
2024-12-04 08:00:00,ATOMUSDT,B,RANGING,12,OPEN,-2.924,-5.847,2,True
2024-12-04 08:00:00,ATOMUSDT,B,RANGING,24,STOP,-9.355,-18.711,2,True
2024-12-04 09:00:00,INJUSDT,B,RANGING,4,OPEN,-1.06,-8.482,8,True
2024-12-04 09:00:00,INJUSDT,B,RANGING,12,STOP,-3.17,-25.361,8,True
2024-12-04 09:00:00,INJUSDT,B,RANGING,24,STOP,-3.17,-25.361,8,True
2024-12-04 20:00:00,OPUSDT,A,RANGING,4,STOP,-1.153,-31.133,27,True
2024-12-04 20:00:00,OPUSDT,A,RANGING,12,STOP,-1.153,-31.133,27,True
2024-12-04 20:00:00,OPUSDT,A,RANGING,24,STOP,-1.153,-31.133,27,True
2024-12-04 20:00:00,SOLUSDT,B,RANGING,4,STOP,-2.659,-26.587,10,False
2024-12-04 20:00:00,SOLUSDT,B,RANGING,12,STOP,-2.659,-26.587,10,False
2024-12-04 20:00:00,SOLUSDT,B,RANGING,24,STOP,-2.659,-26.587,10,False
2024-12-04 20:00:00,ETHUSDT,B,RANGING,4,OPEN,0.17,0.848,5,False
2024-12-04 20:00:00,ETHUSDT,B,RANGING,12,OPEN,1.689,8.446,5,False
2024-12-04 20:00:00,ETHUSDT,B,RANGING,24,STOP,-4.719,-23.596,5,False
2024-12-04 20:00:00,INJUSDT,A,RANGING,4,STOP,-2.343,-25.775,11,True
2024-12-04 20:00:00,INJUSDT,A,RANGING,12,STOP,-2.343,-25.775,11,True
2024-12-04 20:00:00,INJUSDT,A,RANGING,24,STOP,-2.343,-25.775,11,True
2024-12-04 23:00:00,NEARUSDT,B,RANGING,4,OPEN,2.75,247.54,90,True
2024-12-04 23:00:00,NEARUSDT,B,RANGING,12,TARGET,6.119,550.723,90,True
2024-12-04 23:00:00,NEARUSDT,B,RANGING,24,TARGET,6.119,550.723,90,True
2024-12-05 13:00:00,INJUSDT,B,TRENDING,4,OPEN,-4.019,-8.038,2,True
2024-12-05 13:00:00,INJUSDT,B,TRENDING,12,OPEN,-1.942,-3.884,2,True
2024-12-05 13:00:00,INJUSDT,B,TRENDING,24,OPEN,0.665,1.331,2,True
2024-12-09 00:00:00,LINKUSDT,A,RANGING,4,OPEN,-2.119,-8.476,4,True
2024-12-09 00:00:00,LINKUSDT,A,RANGING,12,STOP,-5.527,-22.106,4,True
2024-12-09 00:00:00,LINKUSDT,A,RANGING,24,STOP,-5.527,-22.106,4,True
2024-12-13 20:00:00,APTUSDT,A,RANGING,4,OPEN,0.579,2.317,4,True
2024-12-13 20:00:00,APTUSDT,A,RANGING,12,OPEN,-0.797,-3.187,4,True
2024-12-13 20:00:00,APTUSDT,A,RANGING,24,STOP,-5.538,-22.152,4,True
2024-12-14 05:00:00,ATOMUSDT,A,RANGING,4,OPEN,-1.58,-14.217,9,True
2024-12-14 05:00:00,ATOMUSDT,A,RANGING,12,STOP,-2.798,-25.185,9,True
2024-12-14 05:00:00,ATOMUSDT,A,RANGING,24,STOP,-2.798,-25.185,9,True
2024-12-22 03:00:00,LTCUSDT,B,RANGING,4,STOP,-0.487,-48.735,100,True
2024-12-22 03:00:00,LTCUSDT,B,RANGING,12,STOP,-0.487,-48.735,100,True
2024-12-22 03:00:00,LTCUSDT,B,RANGING,24,STOP,-0.487,-48.735,100,True
2024-12-25 01:00:00,SOLUSDT,B,TRENDING,4,OPEN,-1.114,-6.687,6,False
2024-12-25 01:00:00,SOLUSDT,B,TRENDING,12,OPEN,-1.044,-6.267,6,False
2024-12-25 01:00:00,SOLUSDT,B,TRENDING,24,OPEN,-1.879,-11.274,6,False
2024-12-25 10:00:00,ATOMUSDT,A,TRENDING,4,TARGET,0.703,27.422,39,True
2024-12-25 10:00:00,ATOMUSDT,A,TRENDING,12,TARGET,0.703,27.422,39,True
2024-12-25 10:00:00,ATOMUSDT,A,TRENDING,24,TARGET,0.703,27.422,39,True
2024-12-25 10:00:00,APTUSDT,B,TRENDING,4,OPEN,-0.857,-12.854,15,True
2024-12-25 10:00:00,APTUSDT,B,TRENDING,12,STOP,-1.881,-28.218,15,True
2024-12-25 10:00:00,APTUSDT,B,TRENDING,24,STOP,-1.881,-28.218,15,True
2024-12-25 10:00:00,DOTUSDT,B,TRENDING,4,TARGET,1.412,31.054,22,True
2024-12-25 10:00:00,DOTUSDT,B,TRENDING,12,TARGET,1.412,31.054,22,True
2024-12-25 10:00:00,DOTUSDT,B,TRENDING,24,TARGET,1.412,31.054,22,True
2024-12-25 10:00:00,ARBUSDT,B,TRENDING,4,STOP,-1.185,-30.815,26,False
2024-12-25 10:00:00,ARBUSDT,B,TRENDING,12,STOP,-1.185,-30.815,26,False
2024-12-25 10:00:00,ARBUSDT,B,TRENDING,24,STOP,-1.185,-30.815,26,False
2024-12-25 10:00:00,SOLUSDT,A,TRENDING,4,OPEN,0.443,5.311,12,False
2024-12-25 10:00:00,SOLUSDT,A,TRENDING,12,OPEN,0.071,0.85,12,False
2024-12-25 10:00:00,SOLUSDT,A,TRENDING,24,STOP,-2.168,-26.018,12,False
2024-12-25 10:00:00,LINKUSDT,A,TRENDING,4,STOP,-0.804,-35.365,44,True
2024-12-25 10:00:00,LINKUSDT,A,TRENDING,12,STOP,-0.804,-35.365,44,True
2024-12-25 10:00:00,LINKUSDT,A,TRENDING,24,STOP,-0.804,-35.365,44,True
2024-12-25 10:00:00,AVAXUSDT,B,TRENDING,4,STOP,-1.195,-31.066,26,False
2024-12-25 10:00:00,AVAXUSDT,B,TRENDING,12,STOP,-1.195,-31.066,26,False
2024-12-25 10:00:00,AVAXUSDT,B,TRENDING,24,STOP,-1.195,-31.066,26,False
2024-12-28 14:00:00,BNBUSDT,A,TRENDING,4,OPEN,-0.161,-0.646,4,False
2024-12-28 14:00:00,BNBUSDT,A,TRENDING,12,OPEN,-1.884,-7.534,4,False
2024-12-28 14:00:00,BNBUSDT,A,TRENDING,24,OPEN,-3.172,-12.689,4,False
2024-12-28 22:00:00,APTUSDT,B,RANGING,4,OPEN,0.013,0.054,4,True
2024-12-28 22:00:00,APTUSDT,B,RANGING,12,OPEN,-1.418,-5.671,4,True
2024-12-28 22:00:00,APTUSDT,B,RANGING,24,OPEN,-2.402,-9.61,4,True
