signal_time,entry_time,coin,entry_price,stop_price,target_price,stop_dist_pct,beta_4h,vol_zscore,regime,confidence,tier,leverage,rr,is_new
2023-02-01 13:00:00,2023-02-01 15:00:00,ATOMUSDT,13.969,13.38872,14.83942,4.154,-1.555,2.089,RANGING,86.3,A,6,1.5,True
2023-02-07 06:00:00,2023-02-07 08:00:00,ATOMUSDT,14.43,13.92801,15.182985,3.479,-0.654,2.934,RANGING,99.0,A,7,1.5,True
2023-02-10 21:00:00,2023-02-10 23:00:00,APTUSDT,13.653,12.51909,15.353865,8.305,-0.985,2.03,TRENDING,60.5,B,3,1.5,True
2023-02-12 18:00:00,2023-02-12 20:00:00,SOLUSDT,22.115,20.649235,24.313647,6.628,-1.489,2.086,TRENDING,61.3,B,3,1.5,False
2023-02-14 00:00:00,2023-02-14 02:00:00,APTUSDT,13.892,13.08624,15.10064,5.8,-0.634,1.293,RANGING,74.4,B,4,1.5,True
2023-02-14 13:00:00,2023-02-14 15:00:00,OPUSDT,2.3503,2.142135,2.662547,8.857,-5.727,5.678,RANGING,100.0,A,2,1.5,True
2023-02-14 13:00:00,2023-02-14 15:00:00,SOLUSDT,21.888,20.64625,23.750625,5.673,-0.385,6.555,RANGING,100.0,A,4,1.5,False
2023-02-14 13:00:00,2023-02-14 15:00:00,NEARUSDT,2.225,2.07557,2.449145,6.716,-0.28,6.577,RANGING,100.0,A,3,1.5,True
2023-02-17 04:00:00,2023-02-17 06:00:00,DOTUSDT,6.72,6.253575,7.419637,6.941,-0.735,4.874,TRENDING,75.0,A,3,1.5,True
2023-02-22 15:00:00,2023-02-22 17:00:00,APTUSDT,13.36,12.68426,14.37361,5.058,-1.974,2.284,TRENDING,64.3,B,4,1.5,True
2023-02-24 02:00:00,2023-02-24 04:00:00,OPUSDT,2.9736,2.751474,3.30679,7.47,-3.373,1.29,RANGING,74.4,B,3,1.5,True
2023-03-02 03:00:00,2023-03-02 05:00:00,LINKUSDT,7.366,7.29534,7.47199,0.959,0.086,1.234,RANGING,64.9,B,26,1.5,True
2023-03-18 12:00:00,2023-03-18 14:00:00,OPUSDT,2.8241,2.766,2.911249,2.057,-1.758,1.748,TRENDING,56.2,B,12,1.5,True
2023-03-21 11:00:00,2023-03-21 13:00:00,NEARUSDT,2.068,1.91239,2.301415,7.525,0.062,3.172,RANGING,93.8,A,3,1.5,True
2023-03-21 21:00:00,2023-03-21 23:00:00,DOTUSDT,6.36,6.09537,6.756945,4.161,-1.773,1.05,RANGING,70.7,B,6,1.5,True
2023-03-21 21:00:00,2023-03-21 23:00:00,LINKUSDT,7.373,7.12619,7.743215,3.347,-1.981,2.992,RANGING,99.9,A,7,1.5,True
2023-03-23 17:00:00,2023-03-23 19:00:00,APTUSDT,13.045,12.366855,14.062218,5.199,0.232,1.622,RANGING,56.1,B,4,1.5,True
2023-03-26 00:00:00,2023-03-26 02:00:00,APTUSDT,11.67,11.31116,12.20826,3.075,-0.176,2.561,TRENDING,68.4,B,8,1.5,True
2023-03-26 00:00:00,2023-03-26 02:00:00,OPUSDT,2.2221,2.11935,2.376225,4.624,-0.376,1.801,TRENDING,57.0,B,5,1.5,True
2023-04-01 12:00:00,2023-04-01 14:00:00,LTCUSDT,92.87,91.6395,94.71575,1.325,-0.017,3.389,RANGING,100.0,A,18,1.5,True
2023-04-01 20:00:00,2023-04-01 22:00:00,ATOMUSDT,11.416,10.97087,12.083695,3.899,-1.068,1.907,RANGING,83.6,A,6,1.5,True
2023-04-02 06:00:00,2023-04-02 08:00:00,LTCUSDT,93.29,91.1818,96.4523,2.26,0.2,2.626,RANGING,74.4,B,11,1.5,True
2023-04-05 12:00:00,2023-04-05 14:00:00,AVAXUSDT,17.877,17.138875,18.984187,4.129,-0.639,3.648,TRENDING,75.0,A,6,1.5,False
2023-04-06 14:00:00,2023-04-06 16:00:00,INJUSDT,5.681,5.12226,6.51911,9.835,0.084,3.387,RANGING,91.6,A,2,1.5,True
2023-04-08 22:00:00,2023-04-09 00:00:00,ATOMUSDT,10.986,10.79177,11.277345,1.768,-0.444,1.253,RANGING,73.8,B,14,1.5,True
2023-04-08 23:00:00,2023-04-09 01:00:00,APTUSDT,11.038,10.547,11.7745,4.448,-0.31,1.373,RANGING,75.6,A,5,1.5,True
2023-04-10 18:00:00,2023-04-10 20:00:00,INJUSDT,6.169,5.580955,7.051067,9.532,-0.335,3.258,TRENDING,75.0,A,2,1.5,True
2023-04-11 19:00:00,2023-04-11 21:00:00,INJUSDT,6.777,6.2287,7.59945,8.091,-3.671,2.842,TRENDING,72.6,B,3,1.5,True
2023-04-13 13:00:00,2023-04-13 15:00:00,APTUSDT,12.415,11.190765,14.251352,9.861,-1.624,4.881,RANGING,100.0,A,2,1.5,True
2023-04-14 00:00:00,2023-04-14 02:00:00,APTUSDT,12.71,12.09522,13.63217,4.837,-0.021,4.864,TRENDING,75.0,A,5,1.5,True
2023-04-14 23:00:00,2023-04-15 01:00:00,AVAXUSDT,19.132,18.35775,20.293375,4.047,-0.052,3.966,TRENDING,75.0,A,6,1.5,False
2023-04-16 00:00:00,2023-04-16 02:00:00,ATOMUSDT,12.666,12.139,13.4565,4.161,-0.218,5.212,RANGING,100.0,A,6,1.5,True
2023-04-16 00:00:00,2023-04-16 02:00:00,INJUSDT,8.513,7.672445,9.773832,9.874,-5.137,2.344,RANGING,90.2,A,2,1.5,True
2023-04-18 05:00:00,2023-04-18 07:00:00,INJUSDT,9.187,8.838585,9.709623,3.792,-0.337,1.685,TRENDING,55.3,B,6,1.5,True
2023-04-19 21:00:00,2023-04-19 23:00:00,DOTUSDT,6.305,6.15905,6.523925,2.315,-0.016,1.736,TRENDING,56.0,B,10,1.5,True
2023-04-25 13:00:00,2023-04-25 15:00:00,INJUSDT,7.025,6.848585,7.289623,2.511,-0.052,1.281,RANGING,74.2,B,9,1.5,True
2023-04-30 08:00:00,2023-04-30 10:00:00,ATOMUSDT,11.878,11.53404,12.39394,2.896,-0.243,1.237,RANGING,73.6,B,8,1.5,True
2023-04-30 15:00:00,2023-04-30 17:00:00,LTCUSDT,90.26,89.6097,92.55536,0.72,-0.133,2.376,RANGING,90.6,A,34,3.53,True
2023-04-30 15:00:00,2023-04-30 17:00:00,BNBUSDT,331.39,318.6786,350.4571,3.836,0.201,2.237,RANGING,68.5,B,6,1.5,False
2023-04-30 15:00:00,2023-04-30 17:00:00,ATOMUSDT,11.762,11.53404,12.10394,1.938,-0.564,1.507,RANGING,77.6,A,12,1.5,True
2023-04-30 15:00:00,2023-04-30 17:00:00,LINKUSDT,7.226,7.13813,7.409761,1.216,0.297,2.759,RANGING,66.7,B,20,2.09,True
2023-04-30 15:00:00,2023-04-30 17:00:00,APTUSDT,10.616,10.470385,10.885971,1.372,-0.495,2.273,RANGING,89.1,A,18,1.85,True
2023-05-03 18:00:00,2023-05-03 20:00:00,ATOMUSDT,10.926,10.683315,11.290028,2.221,-1.004,1.178,RANGING,72.7,B,11,1.5,True
2023-05-03 18:00:00,2023-05-03 20:00:00,AVAXUSDT,17.079,16.301085,18.245872,4.555,-2.069,2.43,RANGING,91.5,A,5,1.5,False
2023-05-03 18:00:00,2023-05-03 20:00:00,INJUSDT,7.481,7.268475,7.799788,2.841,-0.767,1.257,RANGING,73.8,B,8,1.5,True
2023-05-03 18:00:00,2023-05-03 20:00:00,LINKUSDT,7.042,6.850575,7.329138,2.718,-1.631,1.926,RANGING,83.9,A,9,1.5,True
2023-05-11 08:00:00,2023-05-11 10:00:00,MATICUSDT,0.8592,0.824059,0.911911,4.09,-0.086,1.691,TRENDING,55.4,B,6,1.5,False
2023-05-11 12:00:00,2023-05-11 14:00:00,DOTUSDT,5.307,5.174,5.5065,2.506,-0.162,2.088,TRENDING,61.3,B,9,1.5,True
2023-05-13 18:00:00,2023-05-13 20:00:00,SOLUSDT,20.956,20.655205,21.407192,1.435,-1.022,1.364,RANGING,75.5,A,17,1.5,False
2023-05-13 18:00:00,2023-05-13 20:00:00,APTUSDT,8.285,8.12915,8.518775,1.881,0.161,1.175,RANGING,56.5,B,13,1.5,True
2023-05-16 05:00:00,2023-05-16 07:00:00,LTCUSDT,88.71,85.6695,93.27075,3.427,-0.482,1.691,TRENDING,55.4,B,7,1.5,True
2023-05-16 23:00:00,2023-05-17 01:00:00,LTCUSDT,92.9,88.36595,99.701075,4.881,0.076,1.265,RANGING,66.4,B,5,1.5,True
2023-05-17 18:00:00,2023-05-17 20:00:00,INJUSDT,6.68,5.927215,7.809178,11.269,-1.247,1.21,RANGING,73.2,B,2,1.5,True
2023-05-25 06:00:00,2023-05-25 08:00:00,MATICUSDT,0.8783,0.846745,0.925632,3.593,-1.342,2.039,TRENDING,60.6,B,6,1.5,False
2023-05-25 12:00:00,2023-05-25 14:00:00,INJUSDT,6.366,6.03368,6.86448,5.22,-0.638,2.697,TRENDING,70.5,B,4,1.5,True
2023-05-25 19:00:00,2023-05-25 21:00:00,AVAXUSDT,14.073,13.9101,14.320408,1.158,-0.328,2.218,TRENDING,63.3,B,21,1.52,False
2023-05-27 04:00:00,2023-05-27 06:00:00,NEARUSDT,1.592,1.567125,1.629313,1.563,-1.215,1.045,RANGING,70.7,B,15,1.5,True
2023-05-30 03:00:00,2023-05-30 05:00:00,LTCUSDT,90.99,89.9878,92.4933,1.101,-0.224,1.214,RANGING,73.2,B,22,1.5,True
2023-06-02 00:00:00,2023-06-02 02:00:00,INJUSDT,7.636,7.085395,8.461908,7.211,-0.668,2.625,TRENDING,69.4,B,3,1.5,True
2023-06-02 20:00:00,2023-06-02 22:00:00,NEARUSDT,1.613,1.575085,1.669873,2.351,-0.305,2.056,RANGING,85.8,A,10,1.5,True
2023-06-03 07:00:00,2023-06-03 09:00:00,DOTUSDT,5.287,5.208825,5.404262,1.479,-2.541,1.034,RANGING,70.5,B,16,1.5,True
2023-06-03 07:00:00,2023-06-03 09:00:00,INJUSDT,7.976,7.72717,8.349245,3.12,-11.223,1.31,RANGING,74.7,B,8,1.5,True
2023-06-03 08:00:00,2023-06-03 10:00:00,INJUSDT,7.945,7.72717,8.271745,2.742,-13.313,2.621,RANGING,94.3,A,9,1.5,True
2023-06-03 16:00:00,2023-06-03 18:00:00,ATOMUSDT,10.662,10.48929,10.921065,1.62,-0.374,1.698,RANGING,80.5,A,15,1.5,True
2023-06-04 04:00:00,2023-06-04 06:00:00,APTUSDT,9.002,8.76197,9.362045,2.666,-0.498,1.778,RANGING,81.7,A,9,1.5,True
2023-06-04 11:00:00,2023-06-04 13:00:00,APTUSDT,9.247,8.900275,9.767087,3.75,-2.232,1.373,RANGING,75.6,A,6,1.5,True
2023-06-09 07:00:00,2023-06-09 09:00:00,ARBUSDT,1.1411,1.105544,1.194433,3.116,-0.223,1.038,RANGING,70.6,B,8,1.5,False
2023-06-11 19:00:00,2023-06-11 21:00:00,APTUSDT,6.35,5.84065,7.114025,8.021,-3.22,3.668,RANGING,100.0,A,3,1.5,True
2023-06-13 07:00:00,2023-06-13 09:00:00,ARBUSDT,1.0087,0.962862,1.077458,4.544,-0.534,1.068,RANGING,71.0,B,5,1.5,False
2023-06-13 20:00:00,2023-06-13 22:00:00,BNBUSDT,241.18,232.93945,253.540825,3.417,-0.909,3.723,RANGING,100.0,A,7,1.5,False
2023-06-13 20:00:00,2023-06-13 22:00:00,OPUSDT,1.1413,1.10445,1.196575,3.229,-0.089,1.125,RANGING,71.9,B,7,1.5,True
2023-06-14 05:00:00,2023-06-14 07:00:00,INJUSDT,6.057,5.758065,6.505403,4.935,-0.242,1.493,RANGING,77.4,A,5,1.5,True
2023-06-18 07:00:00,2023-06-18 09:00:00,APTUSDT,7.011,6.766995,7.377007,3.48,-1.004,2.849,RANGING,97.7,A,7,1.5,True
2023-06-19 16:00:00,2023-06-19 18:00:00,INJUSDT,6.122,5.83866,6.54701,4.628,-0.043,1.703,RANGING,80.5,A,5,1.5,True
2023-06-21 16:00:00,2023-06-21 18:00:00,APTUSDT,7.508,7.04858,8.19713,6.119,-0.731,1.844,TRENDING,57.7,B,4,1.5,True
2023-06-23 12:00:00,2023-06-23 14:00:00,OPUSDT,1.403,1.33917,1.498744,4.55,-1.436,8.183,RANGING,100.0,A,5,1.5,True
2023-06-24 07:00:00,2023-06-24 09:00:00,NEARUSDT,1.428,1.360165,1.529752,4.75,-2.198,1.055,RANGING,70.8,B,5,1.5,True
2023-06-30 00:00:00,2023-06-30 02:00:00,ARBUSDT,1.1604,1.110122,1.235818,4.333,-0.621,1.272,RANGING,74.1,B,5,1.5,False
2023-06-30 00:00:00,2023-06-30 02:00:00,INJUSDT,8.082,7.64757,8.733645,5.375,-3.286,1.749,RANGING,81.2,A,4,1.5,True
2023-06-30 00:00:00,2023-06-30 02:00:00,SOLUSDT,18.468,17.33887,20.161695,6.114,-2.425,1.497,RANGING,77.5,A,4,1.5,False
2023-07-01 08:00:00,2023-07-01 10:00:00,DOTUSDT,5.302,5.081465,5.632802,4.159,-2.567,1.082,RANGING,71.2,B,6,1.5,True
2023-07-01 08:00:00,2023-07-01 10:00:00,LTCUSDT,106.56,102.087,113.2695,4.198,-8.905,1.101,RANGING,71.5,B,5,1.5,True
2023-07-01 10:00:00,2023-07-01 12:00:00,APTUSDT,7.236,6.98092,7.61862,3.525,-0.834,1.231,RANGING,73.5,B,7,1.5,True
2023-07-02 02:00:00,2023-07-02 04:00:00,LINKUSDT,6.413,6.138155,6.825268,4.286,-0.81,1.106,RANGING,71.6,B,5,1.5,True
2023-07-03 03:00:00,2023-07-03 05:00:00,AVAXUSDT,13.254,12.736,14.031,3.908,-0.26,1.092,RANGING,71.4,B,6,1.5,False
2023-07-04 15:00:00,2023-07-04 17:00:00,ARBUSDT,1.1612,1.153504,1.172745,0.663,-0.866,1.729,RANGING,80.9,A,37,1.5,False
2023-07-06 00:00:00,2023-07-06 02:00:00,SOLUSDT,19.508,18.43536,21.11696,5.498,-1.678,4.46,TRENDING,75.0,A,4,1.5,False
2023-07-08 00:00:00,2023-07-08 02:00:00,MATICUSDT,0.6818,0.664162,0.708256,2.587,-0.678,1.088,RANGING,71.3,B,9,1.5,False
2023-07-08 00:00:00,2023-07-08 02:00:00,AVAXUSDT,13.009,12.49521,13.779685,3.949,-3.891,4.273,RANGING,100.0,A,6,1.5,False
2023-07-08 00:00:00,2023-07-08 02:00:00,DOTUSDT,5.155,5.04067,5.326495,2.218,-0.915,1.383,RANGING,75.7,A,11,1.5,True
2023-07-08 00:00:00,2023-07-08 02:00:00,ARBUSDT,1.1378,1.101067,1.192899,3.228,-0.34,1.034,RANGING,70.5,B,7,1.5,False
2023-07-09 01:00:00,2023-07-09 03:00:00,APTUSDT,7.124,6.84958,7.53563,3.852,-5.247,2.464,RANGING,92.0,A,6,1.5,True
2023-07-10 12:00:00,2023-07-10 14:00:00,APTUSDT,7.078,6.76401,7.548985,4.436,-1.603,4.11,RANGING,100.0,A,5,1.5,True
2023-07-10 12:00:00,2023-07-10 14:00:00,MATICUSDT,0.7073,0.667148,0.767529,5.677,-2.637,4.752,RANGING,100.0,A,4,1.5,False
2023-07-11 16:00:00,2023-07-11 18:00:00,OPUSDT,1.218,1.191214,1.258179,2.199,-0.28,1.048,RANGING,70.7,B,11,1.5,True
2023-07-11 22:00:00,2023-07-12 00:00:00,LINKUSDT,6.222,6.108305,6.392542,1.827,-0.02,2.08,RANGING,86.2,A,13,1.5,True
2023-07-12 00:00:00,2023-07-12 02:00:00,SOLUSDT,21.968,21.60941,22.505885,1.632,-0.035,1.36,RANGING,75.4,A,15,1.5,False
2023-07-12 05:00:00,2023-07-12 07:00:00,INJUSDT,8.173,7.889355,8.598468,3.471,-3.159,3.851,RANGING,100.0,A,7,1.5,True
2023-07-12 06:00:00,2023-07-12 08:00:00,LTCUSDT,97.04,94.97275,100.140875,2.13,-0.178,1.03,RANGING,70.5,B,11,1.5,True
2023-07-16 09:00:00,2023-07-16 11:00:00,ARBUSDT,1.3008,1.22385,1.416225,5.916,-2.155,2.73,TRENDING,70.9,B,4,1.5,False
2023-07-17 05:00:00,2023-07-17 07:00:00,SOLUSDT,27.634,26.9247,28.69795,2.567,-2.675,1.633,RANGING,79.5,A,9,1.5,False
2023-07-20 06:00:00,2023-07-20 08:00:00,NEARUSDT,1.56,1.447725,1.728412,7.197,-1.225,1.559,RANGING,78.4,A,3,1.5,True
2023-07-21 16:00:00,2023-07-21 18:00:00,LTCUSDT,94.45,91.29125,99.188125,3.344,0.244,3.457,RANGING,75.6,A,7,1.5,True
2023-07-27 05:00:00,2023-07-27 07:00:00,BNBUSDT,242.31,237.3075,249.81375,2.065,-0.107,7.957,TRENDING,75.0,A,12,1.5,False
2023-07-29 00:00:00,2023-07-29 02:00:00,AVAXUSDT,13.253,13.035495,13.579257,1.641,0.067,1.126,RANGING,65.2,B,15,1.5,False
2023-08-01 00:00:00,2023-08-01 02:00:00,LINKUSDT,7.423,7.38688,7.488927,0.487,0.114,1.347,RANGING,63.8,B,51,1.83,True
2023-08-01 00:00:00,2023-08-01 02:00:00,INJUSDT,7.763,7.724185,7.831947,0.5,0.079,2.269,RANGING,81.1,A,50,1.78,True
2023-08-08 06:00:00,2023-08-08 08:00:00,BNBUSDT,243.09,240.1731,247.46535,1.2,-1.062,1.469,RANGING,77.0,A,20,1.5,False
2023-08-08 09:00:00,2023-08-08 11:00:00,APTUSDT,6.686,6.39785,7.118225,4.31,-0.674,1.042,RANGING,70.6,B,5,1.5,True
2023-08-10 22:00:00,2023-08-11 00:00:00,INJUSDT,7.706,7.578915,7.896628,1.649,-8.824,1.296,RANGING,74.4,B,15,1.5,True
2023-08-11 00:00:00,2023-08-11 02:00:00,INJUSDT,7.631,7.578915,7.709128,0.683,-0.813,1.306,RANGING,74.6,B,36,1.5,True
2023-08-11 22:00:00,2023-08-12 00:00:00,SOLUSDT,24.75,24.2183,25.54755,2.148,-1.907,1.173,RANGING,72.6,B,11,1.5,False
2023-08-11 23:00:00,2023-08-12 01:00:00,ETHUSDT,1848.28,1825.3474,1882.6789,1.241,0.033,1.476,RANGING,73.8,B,20,1.5,False
2023-08-11 23:00:00,2023-08-12 01:00:00,BNBUSDT,240.13,236.76025,245.184625,1.403,-1.952,4.685,RANGING,100.0,A,17,1.5,False
2023-08-12 07:00:00,2023-08-12 09:00:00,ARBUSDT,1.159,1.149126,1.173812,0.852,0.061,1.069,RANGING,65.0,B,29,1.5,False
2023-08-13 09:00:00,2023-08-13 11:00:00,ATOMUSDT,8.439,8.34009,8.587365,1.172,-0.746,1.209,RANGING,73.1,B,21,1.5,True
2023-08-15 00:00:00,2023-08-15 02:00:00,DOTUSDT,4.977,4.950125,5.025777,0.54,-0.604,2.001,RANGING,85.0,A,46,1.81,True
2023-08-15 14:00:00,2023-08-15 16:00:00,AVAXUSDT,12.219,12.193725,12.283783,0.207,0.274,2.314,RANGING,62.3,B,100,2.56,False
2023-08-16 00:00:00,2023-08-16 02:00:00,ARBUSDT,1.1304,1.105445,1.167833,2.208,-0.586,1.717,RANGING,80.8,A,11,1.5,False
2023-08-17 04:00:00,2023-08-17 06:00:00,DOTUSDT,4.743,4.486455,5.127818,5.409,-0.89,13.059,TRENDING,75.0,A,4,1.5,True
2023-08-20 10:00:00,2023-08-20 12:00:00,ATOMUSDT,7.854,7.64359,8.169615,2.679,-6.016,1.915,RANGING,83.7,A,9,1.5,True
2023-08-20 10:00:00,2023-08-20 12:00:00,AVAXUSDT,10.882,10.675355,11.191968,1.899,-0.419,3.169,RANGING,100.0,A,13,1.5,False
2023-08-25 13:00:00,2023-08-25 15:00:00,LINKUSDT,5.951,5.91826,6.00011,0.55,0.28,3.231,RANGING,72.0,B,45,1.5,True
2023-08-25 13:00:00,2023-08-25 15:00:00,ETHUSDT,1645.23,1634.83475,1660.822875,0.632,0.265,2.128,RANGING,60.4,B,39,1.5,False
2023-08-27 00:00:00,2023-08-27 02:00:00,INJUSDT,7.213,7.111265,7.365602,1.41,-1.244,1.235,RANGING,73.5,B,17,1.5,True
2023-08-27 07:00:00,2023-08-27 09:00:00,NEARUSDT,1.2,1.18007,1.229895,1.661,-12.278,12.838,RANGING,100.0,A,15,1.5,True
2023-08-28 05:00:00,2023-08-28 07:00:00,INJUSDT,6.975,6.81376,7.21686,2.312,-1.384,1.008,RANGING,70.1,B,10,1.5,True
2023-08-29 01:00:00,2023-08-29 03:00:00,OPUSDT,1.4312,1.393,1.4885,2.669,0.051,1.913,RANGING,78.6,A,9,1.5,True
2023-09-03 00:00:00,2023-09-03 02:00:00,LINKUSDT,5.982,5.853585,6.174623,2.147,-8.948,1.216,RANGING,73.2,B,11,1.5,True
2023-09-03 20:00:00,2023-09-03 22:00:00,SOLUSDT,19.508,19.11395,20.099075,2.02,-0.093,1.225,RANGING,73.4,B,12,1.5,False
2023-09-05 14:00:00,2023-09-05 16:00:00,SOLUSDT,20.308,18.92291,22.385635,6.82,-1.854,1.792,TRENDING,56.9,B,3,1.5,False
2023-09-06 00:00:00,2023-09-06 02:00:00,MATICUSDT,0.5664,0.550932,0.589603,2.731,-1.768,1.264,RANGING,74.0,B,9,1.5,False
2023-09-06 01:00:00,2023-09-06 03:00:00,LINKUSDT,6.203,6.02174,6.47489,2.922,-0.473,1.994,RANGING,84.9,A,8,1.5,True
2023-09-07 21:00:00,2023-09-07 23:00:00,DOTUSDT,4.29,4.20885,4.427536,1.892,-0.143,2.207,TRENDING,63.1,B,13,1.69,True
2023-09-09 18:00:00,2023-09-09 20:00:00,INJUSDT,6.67,6.567995,6.823008,1.529,-0.377,2.908,RANGING,98.6,A,16,1.5,True
2023-09-11 14:00:00,2023-09-11 16:00:00,OPUSDT,1.2608,1.205044,1.344433,4.422,-0.664,5.015,TRENDING,75.0,A,5,1.5,True
2023-09-13 07:00:00,2023-09-13 09:00:00,MATICUSDT,0.5176,0.501778,0.541332,3.057,-0.379,2.531,TRENDING,68.0,B,8,1.5,False
2023-09-21 00:00:00,2023-09-21 02:00:00,ATOMUSDT,7.386,7.087385,7.833922,4.043,-4.789,2.363,RANGING,90.4,A,6,1.5,True
2023-09-21 00:00:00,2023-09-21 02:00:00,AVAXUSDT,9.022,8.77391,9.394135,2.75,0.249,1.935,RANGING,59.1,B,9,1.5,False
2023-09-21 00:00:00,2023-09-21 02:00:00,NEARUSDT,1.141,1.087535,1.221198,4.686,-4.043,9.174,RANGING,100.0,A,5,1.5,True
2023-09-21 06:00:00,2023-09-21 08:00:00,ATOMUSDT,7.436,7.087385,7.958922,4.688,-0.55,1.583,RANGING,78.7,A,5,1.5,True
2023-09-26 05:00:00,2023-09-26 07:00:00,ATOMUSDT,7.036,6.886395,7.260407,2.126,0.079,1.778,RANGING,73.8,B,11,1.5,True
2023-09-26 06:00:00,2023-09-26 08:00:00,BNBUSDT,212.85,206.7212,222.0432,2.879,-1.717,1.326,RANGING,74.9,B,8,1.5,False
2023-09-28 07:00:00,2023-09-28 09:00:00,LINKUSDT,7.815,7.527175,8.246738,3.683,-5.988,1.541,RANGING,78.1,A,6,1.5,True
2023-09-28 07:00:00,2023-09-28 09:00:00,DOTUSDT,4.024,3.959105,4.121342,1.613,-0.891,1.002,RANGING,70.0,B,15,1.5,True
2023-09-29 22:00:00,2023-09-30 00:00:00,LTCUSDT,65.59,64.56555,67.126675,1.562,-0.28,1.342,RANGING,75.1,A,16,1.5,True
2023-09-30 12:00:00,2023-09-30 14:00:00,SOLUSDT,21.284,19.954725,23.277912,6.245,-0.678,1.245,RANGING,73.7,B,4,1.5,False
2023-09-30 14:00:00,2023-09-30 16:00:00,INJUSDT,7.744,7.43464,8.20804,3.995,-0.682,1.705,RANGING,80.6,A,6,1.5,True
2023-09-30 17:00:00,2023-09-30 19:00:00,OPUSDT,1.353,1.308922,1.419116,3.258,-20.158,4.028,RANGING,100.0,A,7,1.5,True
2023-10-06 12:00:00,2023-10-06 14:00:00,MATICUSDT,0.5582,0.544066,0.579401,2.532,0.135,1.046,RANGING,57.2,B,9,1.5,False
2023-10-06 12:00:00,2023-10-06 14:00:00,NEARUSDT,1.089,1.063655,1.127018,2.327,0.28,2.173,RANGING,59.6,B,10,1.5,True
2023-10-07 05:00:00,2023-10-07 07:00:00,AVAXUSDT,10.776,10.563915,11.094127,1.968,-6.209,1.6,RANGING,79.0,A,12,1.5,False
2023-10-08 00:00:00,2023-10-08 02:00:00,OPUSDT,1.2924,1.265043,1.333435,2.117,-0.79,2.094,RANGING,86.4,A,11,1.5,True
2023-10-08 22:00:00,2023-10-09 00:00:00,INJUSDT,7.707,7.62966,7.82301,1.004,-4.641,1.392,RANGING,75.9,A,24,1.5,True
2023-10-10 07:00:00,2023-10-10 09:00:00,ATOMUSDT,7.123,6.528195,8.015208,8.35,-2.593,15.508,TRENDING,75.0,A,2,1.5,True
2023-10-11 00:00:00,2023-10-11 02:00:00,BNBUSDT,206.14,206.09435,208.100827,0.022,-0.39,1.362,RANGING,75.4,A,100,42.95,False
2023-10-12 00:00:00,2023-10-12 02:00:00,INJUSDT,7.374,7.153055,7.705417,2.996,-0.308,3.143,TRENDING,75.0,A,8,1.5,True
2023-10-12 21:00:00,2023-10-12 23:00:00,AVAXUSDT,9.108,8.830625,9.524063,3.045,-1.332,1.598,RANGING,79.0,A,8,1.5,False
2023-10-14 14:00:00,2023-10-14 16:00:00,INJUSDT,7.651,7.43066,7.98151,2.88,-2.807,3.952,TRENDING,75.0,A,8,1.5,True
2023-10-15 13:00:00,2023-10-15 15:00:00,LTCUSDT,61.58,61.04325,62.385125,0.872,0.212,1.716,RANGING,59.5,B,28,1.5,True
2023-10-15 13:00:00,2023-10-15 15:00:00,NEARUSDT,1.021,1.001965,1.049552,1.864,-0.128,1.148,RANGING,72.2,B,13,1.5,True
2023-10-16 13:00:00,2023-10-16 15:00:00,APTUSDT,4.965,4.948135,5.061802,0.34,-1.296,6.459,TRENDING,75.0,A,73,5.74,True
2023-10-19 06:00:00,2023-10-19 08:00:00,NEARUSDT,0.977,0.966145,0.993283,1.111,-0.428,2.402,RANGING,91.0,A,22,1.5,True
2023-10-21 00:00:00,2023-10-21 02:00:00,AVAXUSDT,9.211,8.955,9.595,2.779,-0.573,2.973,TRENDING,74.6,B,8,1.5,False
2023-10-23 03:00:00,2023-10-23 05:00:00,ARBUSDT,0.8534,0.824258,0.897625,3.415,-0.115,1.021,RANGING,70.3,B,7,1.52,False
2023-10-23 03:00:00,2023-10-23 05:00:00,AVAXUSDT,10.248,9.797765,10.923352,4.393,-0.163,1.061,RANGING,70.9,B,5,1.5,False
2023-10-26 03:00:00,2023-10-26 05:00:00,ARBUSDT,0.9522,0.882764,1.056354,7.292,-2.687,3.097,TRENDING,75.0,A,3,1.5,False
2023-10-26 03:00:00,2023-10-26 05:00:00,OPUSDT,1.4095,1.354294,1.492308,3.917,-1.113,2.811,TRENDING,72.2,B,6,1.5,True
2023-10-26 21:00:00,2023-10-26 23:00:00,AVAXUSDT,11.051,10.221635,12.295048,7.505,-0.069,1.633,RANGING,79.5,A,3,1.5,False
2023-10-30 04:00:00,2023-10-30 06:00:00,INJUSDT,13.825,13.306135,14.603298,3.753,-5.97,2.574,TRENDING,68.6,B,6,1.5,True
2023-10-31 00:00:00,2023-10-31 02:00:00,AVAXUSDT,11.514,11.264395,11.888407,2.168,0.094,1.908,RANGING,74.3,B,11,1.5,False
2023-11-01 13:00:00,2023-11-01 15:00:00,NEARUSDT,1.456,1.316385,1.665422,9.589,0.19,1.448,RANGING,57.7,B,2,1.5,True
2023-11-01 13:00:00,2023-11-01 15:00:00,SOLUSDT,40.594,37.570205,45.129693,7.449,-0.218,1.167,RANGING,72.5,B,3,1.5,False
2023-11-01 18:00:00,2023-11-01 20:00:00,APTUSDT,7.247,6.79983,7.917755,6.17,-4.091,3.382,RANGING,100.0,A,4,1.5,True
2023-11-01 18:00:00,2023-11-01 20:00:00,LINKUSDT,11.609,10.59277,13.133345,8.754,-2.546,1.904,RANGING,83.6,A,2,1.5,True
2023-11-01 18:00:00,2023-11-01 20:00:00,DOTUSDT,4.787,4.299395,5.518408,10.186,-7.537,3.224,RANGING,100.0,A,2,1.5,True
2023-11-01 18:00:00,2023-11-01 20:00:00,BNBUSDT,228.73,221.3079,239.86315,3.245,-0.835,1.91,RANGING,83.7,A,7,1.5,False
2023-11-01 18:00:00,2023-11-01 20:00:00,OPUSDT,1.4552,1.336981,1.632528,8.124,-5.76,2.238,RANGING,88.6,A,3,1.5,True
2023-11-01 18:00:00,2023-11-01 20:00:00,INJUSDT,15.022,13.375785,17.491323,10.959,-5.399,1.797,RANGING,82.0,A,2,1.5,True
2023-11-01 18:00:00,2023-11-01 20:00:00,AVAXUSDT,12.119,10.82162,14.06507,10.705,-9.567,4.513,RANGING,100.0,A,2,1.5,False
2023-11-01 18:00:00,2023-11-01 20:00:00,ATOMUSDT,7.952,7.497325,8.634012,5.718,-4.188,2.553,RANGING,93.3,A,4,1.5,True
2023-11-01 18:00:00,2023-11-01 20:00:00,ARBUSDT,1.0386,0.917092,1.220863,11.699,-5.297,2.475,RANGING,92.1,A,2,1.5,False
2023-11-01 18:00:00,2023-11-01 20:00:00,ETHUSDT,1857.37,1773.81635,1982.700475,4.498,-1.359,1.71,RANGING,80.6,A,5,1.5,False
2023-11-01 18:00:00,2023-11-01 20:00:00,LTCUSDT,69.91,66.1874,75.4939,5.325,-1.878,1.759,RANGING,81.4,A,4,1.5,True
2023-11-01 18:00:00,2023-11-01 20:00:00,NEARUSDT,1.517,1.316385,1.817922,13.224,-8.633,1.337,RANGING,75.1,A,1,1.5,True
2023-11-02 12:00:00,2023-11-02 14:00:00,NEARUSDT,1.495,1.445735,1.568898,3.295,-6.421,1.969,TRENDING,59.5,B,7,1.5,True
2023-11-02 13:00:00,2023-11-02 15:00:00,INJUSDT,14.494,14.3877,14.65345,0.733,-0.244,1.785,TRENDING,56.8,B,34,1.5,True
2023-11-06 10:00:00,2023-11-06 12:00:00,INJUSDT,17.669,15.5817,20.79995,11.813,-3.53,2.287,RANGING,89.3,A,2,1.5,True
2023-11-07 00:00:00,2023-11-07 02:00:00,APTUSDT,7.337,6.778935,8.174098,7.606,-0.978,2.858,RANGING,97.9,A,3,1.5,True
2023-11-08 02:00:00,2023-11-08 04:00:00,LINKUSDT,13.426,12.466355,14.865468,7.148,-1.333,2.056,TRENDING,60.8,B,3,1.5,True
2023-11-08 10:00:00,2023-11-08 12:00:00,LTCUSDT,73.5,72.16735,75.498975,1.813,-3.034,1.559,RANGING,78.4,A,13,1.5,True
2023-11-10 08:00:00,2023-11-10 10:00:00,AVAXUSDT,13.344,12.255415,14.976878,8.158,-2.415,1.181,RANGING,72.7,B,3,1.5,False
2023-11-11 01:00:00,2023-11-11 03:00:00,APTUSDT,7.381,7.027685,7.910973,4.787,-1.671,3.674,TRENDING,75.0,A,5,1.5,True
2023-11-12 17:00:00,2023-11-12 19:00:00,MATICUSDT,0.8799,0.81789,0.972915,7.047,-6.126,3.633,RANGING,100.0,A,3,1.5,False
2023-11-23 09:00:00,2023-11-23 11:00:00,LTCUSDT,69.25,68.48585,70.396225,1.103,-4.608,1.703,TRENDING,55.5,B,22,1.5,True
2023-11-25 20:00:00,2023-11-25 22:00:00,LTCUSDT,71.79,70.39625,73.880625,1.941,0.092,1.837,RANGING,73.4,B,12,1.5,True
2023-11-25 20:00:00,2023-11-25 22:00:00,INJUSDT,17.28,15.86627,19.400595,8.181,-2.271,1.294,RANGING,74.4,B,3,1.5,True
2023-11-25 21:00:00,2023-11-25 23:00:00,INJUSDT,17.102,15.86627,18.955595,7.226,-0.824,1.171,RANGING,72.6,B,3,1.5,True
2023-12-02 07:00:00,2023-12-02 09:00:00,NEARUSDT,1.978,1.849705,2.170442,6.486,-0.47,4.478,TRENDING,75.0,A,3,1.5,True
2023-12-04 20:00:00,2023-12-04 22:00:00,AVAXUSDT,22.178,20.151735,25.217398,9.136,-0.625,1.671,TRENDING,55.1,B,2,1.5,False
2023-12-04 22:00:00,2023-12-05 00:00:00,NEARUSDT,2.287,2.05567,2.633995,10.115,-0.89,1.952,TRENDING,59.3,B,2,1.5,True
2023-12-07 04:00:00,2023-12-07 06:00:00,LTCUSDT,73.71,71.80915,76.561275,2.579,-1.156,3.303,TRENDING,75.0,A,9,1.5,True
2023-12-08 16:00:00,2023-12-08 18:00:00,DOTUSDT,6.622,6.14114,7.34329,7.262,-1.039,2.34,RANGING,90.1,A,3,1.5,True
2023-12-09 06:00:00,2023-12-09 08:00:00,SOLUSDT,75.767,71.35742,82.38137,5.82,-6.449,2.414,TRENDING,66.2,B,4,1.5,False
2023-12-09 06:00:00,2023-12-09 08:00:00,AVAXUSDT,32.608,26.887885,41.188172,17.542,-1.837,1.703,TRENDING,55.5,B,1,1.5,False
2023-12-09 08:00:00,2023-12-09 10:00:00,ATOMUSDT,11.099,10.2883,12.31505,7.304,-0.248,3.063,TRENDING,75.0,A,3,1.5,True
2023-12-09 08:00:00,2023-12-09 10:00:00,OPUSDT,2.1346,2.081242,2.214638,2.5,-1.266,4.691,TRENDING,75.0,A,10,1.5,True
2023-12-09 12:00:00,2023-12-09 14:00:00,LTCUSDT,77.43,76.3364,79.0704,1.412,-0.403,1.136,RANGING,72.0,B,17,1.5,True
2023-12-09 14:00:00,2023-12-09 16:00:00,NEARUSDT,2.49,2.18104,2.95344,12.408,-2.177,2.692,RANGING,95.4,A,2,1.5,True
2023-12-09 14:00:00,2023-12-09 16:00:00,INJUSDT,19.267,18.46123,20.475655,4.182,-2.303,1.871,RANGING,83.1,A,5,1.5,True
2023-12-09 15:00:00,2023-12-09 17:00:00,NEARUSDT,2.456,2.18104,2.86844,11.195,-0.373,1.456,RANGING,76.8,A,2,1.5,True
2023-12-15 09:00:00,2023-12-15 11:00:00,SOLUSDT,79.182,73.7295,87.36075,6.886,0.022,2.695,RANGING,93.2,A,3,1.5,False
2023-12-16 13:00:00,2023-12-16 15:00:00,NEARUSDT,2.388,2.22482,2.63277,6.833,-0.136,2.487,RANGING,92.3,A,3,1.5,True
2023-12-20 08:00:00,2023-12-20 10:00:00,NEARUSDT,2.826,2.32631,3.575535,17.682,-4.669,1.292,RANGING,74.4,B,1,1.5,True
2023-12-21 00:00:00,2023-12-21 02:00:00,DOTUSDT,7.104,6.80182,7.55727,4.254,-0.672,2.266,TRENDING,64.0,B,5,1.5,True
2023-12-21 07:00:00,2023-12-21 09:00:00,NEARUSDT,3.28,2.769085,4.046372,15.577,-1.946,3.246,RANGING,100.0,A,1,1.5,True
2023-12-22 06:00:00,2023-12-22 08:00:00,INJUSDT,39.343,38.111485,41.190273,3.13,0.03,1.519,RANGING,74.8,B,7,1.5,True
2023-12-22 06:00:00,2023-12-22 08:00:00,LTCUSDT,71.13,69.2719,73.91715,2.612,-0.086,2.223,RANGING,88.3,A,9,1.5,True
2023-12-22 07:00:00,2023-12-22 09:00:00,OPUSDT,2.8899,2.492475,3.486038,13.752,-7.048,2.244,RANGING,88.7,A,1,1.5,True
2023-12-22 07:00:00,2023-12-22 09:00:00,ARBUSDT,1.3157,1.137882,1.582427,13.515,-5.957,2.861,RANGING,97.9,A,1,1.5,False
2023-12-24 04:00:00,2023-12-24 06:00:00,OPUSDT,3.614,3.246387,4.16542,10.172,-10.204,2.596,RANGING,93.9,A,2,1.5,True
2023-12-24 04:00:00,2023-12-24 06:00:00,AVAXUSDT,47.26,44.083475,52.024787,6.721,-2.617,1.902,RANGING,83.5,A,3,1.5,False
2023-12-24 14:00:00,2023-12-24 16:00:00,LTCUSDT,72.39,71.441,73.8135,1.311,-0.128,2.15,RANGING,87.3,A,19,1.5,True
2023-12-24 16:00:00,2023-12-24 18:00:00,AVAXUSDT,49.261,46.250585,53.776623,6.111,-2.191,1.008,RANGING,70.1,B,4,1.5,False
2023-12-28 11:00:00,2023-12-28 13:00:00,BNBUSDT,334.62,318.6786,358.5321,4.764,-2.677,2.107,TRENDING,61.6,B,5,1.5,False
2023-12-31 19:00:00,2023-12-31 21:00:00,NEARUSDT,3.725,3.626775,3.872338,2.637,-4.745,2.71,RANGING,95.7,A,9,1.5,True
2024-01-01 09:00:00,2024-01-01 11:00:00,AVAXUSDT,39.572,37.88562,42.10157,4.262,-0.926,4.237,RANGING,100.0,A,5,1.5,False
2024-01-01 12:00:00,2024-01-01 14:00:00,INJUSDT,38.019,34.9643,42.60105,8.035,-5.319,6.901,RANGING,100.0,A,3,1.5,True
2024-01-05 07:00:00,2024-01-05 09:00:00,LINKUSDT,14.529,13.70115,15.770775,5.698,-2.474,2.487,TRENDING,67.3,B,4,1.5,True
2024-01-08 06:00:00,2024-01-08 08:00:00,MATICUSDT,0.7726,0.731026,0.83496,5.381,-2.216,1.165,RANGING,72.5,B,4,1.5,False
2024-01-08 06:00:00,2024-01-08 08:00:00,DOTUSDT,6.917,6.47148,7.58528,6.441,-1.195,1.006,RANGING,70.1,B,3,1.5,True
2024-01-08 06:00:00,2024-01-08 08:00:00,ATOMUSDT,9.286,8.820675,9.983988,5.011,-0.071,1.237,RANGING,73.6,B,4,1.5,True
2024-01-08 06:00:00,2024-01-08 08:00:00,SOLUSDT,90.036,84.6745,98.07825,5.955,-2.431,1.473,RANGING,77.1,A,4,1.5,False
2024-01-08 06:00:00,2024-01-08 08:00:00,LINKUSDT,13.405,12.454415,14.830878,7.091,-2.105,1.452,RANGING,76.8,A,3,1.5,True
2024-01-09 04:00:00,2024-01-09 06:00:00,AVAXUSDT,36.833,34.825,39.845,5.452,-1.736,2.972,TRENDING,74.6,B,4,1.5,False
2024-01-10 20:00:00,2024-01-10 22:00:00,DOTUSDT,7.916,6.757045,9.654432,14.641,0.184,3.972,TRENDING,56.6,B,1,1.5,True
2024-01-12 00:00:00,2024-01-12 02:00:00,ATOMUSDT,10.777,10.305215,11.484678,4.378,0.15,4.075,RANGING,85.0,A,5,1.5,True
2024-01-15 06:00:00,2024-01-15 08:00:00,INJUSDT,39.21,36.46675,43.324875,6.996,-2.251,2.483,TRENDING,67.2,B,3,1.5,True
2024-01-15 22:00:00,2024-01-16 00:00:00,DOTUSDT,7.553,7.365985,7.833523,2.476,0.245,2.297,RANGING,64.9,B,10,1.5,True
2024-01-19 23:00:00,2024-01-20 01:00:00,DOTUSDT,6.865,6.53317,7.362745,4.834,-0.035,2.004,TRENDING,60.1,B,5,1.5,True
2024-01-20 20:00:00,2024-01-20 22:00:00,LINKUSDT,15.841,15.54986,16.27771,1.838,-4.276,1.576,RANGING,78.6,A,13,1.5,True
2024-01-23 18:00:00,2024-01-23 20:00:00,APTUSDT,8.487,7.45255,10.038675,12.189,-3.222,4.97,TRENDING,75.0,A,2,1.5,True
2024-01-29 16:00:00,2024-01-29 18:00:00,INJUSDT,38.652,36.37919,42.061215,5.88,0.149,1.734,RANGING,66.2,B,4,1.5,True
2024-01-29 20:00:00,2024-01-29 22:00:00,INJUSDT,37.28,36.37919,39.100118,2.416,-1.712,1.193,RANGING,72.9,B,10,2.02,True
2024-02-03 22:00:00,2024-02-04 00:00:00,SOLUSDT,97.896,96.11899,100.561515,1.815,-0.076,1.065,RANGING,71.0,B,13,1.5,False
2024-02-03 22:00:00,2024-02-04 00:00:00,DOTUSDT,6.783,6.77595,6.820556,0.104,-0.888,1.336,RANGING,75.0,A,100,5.33,True
2024-02-04 07:00:00,2024-02-04 09:00:00,LINKUSDT,17.946,17.45628,18.68058,2.729,-0.936,1.273,RANGING,74.1,B,9,1.5,True
2024-02-04 14:00:00,2024-02-04 16:00:00,BNBUSDT,305.05,296.42045,317.994325,2.829,-2.307,15.645,RANGING,100.0,A,8,1.5,False
2024-02-07 07:00:00,2024-02-07 09:00:00,LINKUSDT,18.532,17.96174,19.38739,3.077,0.081,1.355,RANGING,67.3,B,8,1.5,True
2024-02-07 08:00:00,2024-02-07 10:00:00,ATOMUSDT,9.303,9.06644,9.65784,2.543,-0.091,1.947,RANGING,84.2,A,9,1.5,True
2024-02-07 14:00:00,2024-02-07 16:00:00,DOTUSDT,6.855,6.63466,7.18551,3.214,-0.242,2.398,RANGING,91.0,A,7,1.5,True
2024-02-07 14:00:00,2024-02-07 16:00:00,SOLUSDT,97.232,94.0872,101.9492,3.234,0.136,1.787,RANGING,68.2,B,7,1.5,False
2024-02-07 14:00:00,2024-02-07 16:00:00,AVAXUSDT,35.021,33.44792,37.38062,4.492,0.269,1.901,RANGING,56.7,B,5,1.5,False
2024-02-07 14:00:00,2024-02-07 16:00:00,NEARUSDT,2.798,2.669585,2.990623,4.59,-0.701,1.266,RANGING,74.0,B,5,1.5,True
2024-02-10 17:00:00,2024-02-10 19:00:00,LINKUSDT,18.631,17.88413,19.751305,4.009,-0.852,1.809,TRENDING,57.1,B,6,1.5,True
2024-02-10 23:00:00,2024-02-11 01:00:00,LINKUSDT,19.451,17.88413,21.801305,8.055,-0.817,1.901,TRENDING,58.5,B,3,1.5,True
2024-02-11 05:00:00,2024-02-11 07:00:00,LINKUSDT,20.347,17.88413,24.041305,12.104,-0.587,1.727,TRENDING,55.9,B,2,1.5,True
2024-02-12 06:00:00,2024-02-12 08:00:00,APTUSDT,8.949,8.86545,9.074325,0.934,-5.53,3.174,RANGING,100.0,A,26,1.5,True
2024-02-12 06:00:00,2024-02-12 08:00:00,DOTUSDT,7.093,6.950075,7.307388,2.015,-1.842,3.186,RANGING,100.0,A,12,1.5,True
2024-02-12 17:00:00,2024-02-12 19:00:00,LINKUSDT,20.624,19.779605,22.022672,4.094,-0.228,1.344,RANGING,75.2,A,6,1.66,True
2024-02-14 00:00:00,2024-02-14 02:00:00,LINKUSDT,20.147,19.268175,21.465237,4.362,0.076,2.225,TRENDING,55.7,B,5,1.5,True
2024-02-14 09:00:00,2024-02-14 11:00:00,ATOMUSDT,10.369,10.010695,11.112486,3.456,0.096,2.049,RANGING,76.2,A,7,2.08,True
2024-02-14 09:00:00,2024-02-14 11:00:00,DOTUSDT,7.666,7.07246,8.55631,7.742,0.285,2.222,RANGING,59.8,B,3,1.5,True
2024-02-16 23:00:00,2024-02-17 01:00:00,SOLUSDT,109.893,107.46,113.5425,2.214,0.104,1.6,RANGING,68.6,B,11,1.5,False
2024-02-17 07:00:00,2024-02-17 09:00:00,NEARUSDT,3.249,3.19992,3.32262,1.511,-1.451,1.995,RANGING,84.9,A,16,1.5,True
2024-02-17 07:00:00,2024-02-17 09:00:00,LINKUSDT,19.389,19.17166,19.71501,1.121,-0.614,1.378,RANGING,75.7,A,22,1.5,True
2024-02-17 20:00:00,2024-02-17 22:00:00,DOTUSDT,7.698,7.304295,8.288558,5.114,0.291,2.3,RANGING,60.4,B,4,1.5,True
2024-02-17 21:00:00,2024-02-17 23:00:00,OPUSDT,3.5823,3.447277,3.784835,3.769,-0.044,1.672,RANGING,80.1,A,6,1.5,True
2024-02-18 18:00:00,2024-02-18 20:00:00,LINKUSDT,20.062,19.662195,20.661708,1.993,0.166,2.511,RANGING,76.0,A,12,1.5,True
2024-02-19 00:00:00,2024-02-19 02:00:00,INJUSDT,38.68,38.063725,39.604412,1.593,-1.349,1.598,RANGING,79.0,A,15,1.5,True
2024-02-21 23:00:00,2024-02-22 01:00:00,BNBUSDT,376.16,362.03075,397.353875,3.756,-0.049,1.486,RANGING,77.3,A,6,1.5,False
2024-02-25 22:00:00,2024-02-26 00:00:00,DOTUSDT,7.879,7.65553,8.214205,2.836,-2.174,2.708,TRENDING,70.6,B,8,1.5,True
2024-02-26 13:00:00,2024-02-26 15:00:00,BNBUSDT,396.31,381.69195,418.237075,3.689,-0.075,1.063,RANGING,71.0,B,6,1.5,False
2024-02-26 13:00:00,2024-02-26 15:00:00,NEARUSDT,4.122,3.68548,4.77678,10.59,0.167,5.174,RANGING,83.3,A,2,1.5,True
2024-02-26 15:00:00,2024-02-26 17:00:00,MATICUSDT,1.0685,0.967339,1.220242,9.468,0.132,1.179,RANGING,59.4,B,2,1.5,False
2024-02-28 08:00:00,2024-02-28 10:00:00,INJUSDT,40.535,36.616995,46.412007,9.666,-0.058,2.506,TRENDING,67.6,B,2,1.5,True
2024-02-28 09:00:00,2024-02-28 11:00:00,ARBUSDT,1.8933,1.846123,2.024805,2.492,-0.366,2.134,TRENDING,62.0,B,10,2.79,False
2024-02-29 00:00:00,2024-02-29 02:00:00,MATICUSDT,1.0208,0.942166,1.138752,7.703,-0.463,2.099,TRENDING,61.5,B,3,1.5,False
2024-02-29 00:00:00,2024-02-29 02:00:00,DOTUSDT,8.403,7.63762,9.55107,9.108,-0.309,1.928,TRENDING,58.9,B,2,1.5,True
2024-02-29 00:00:00,2024-02-29 02:00:00,AVAXUSDT,41.503,35.16927,51.003595,15.261,-0.704,3.442,TRENDING,75.0,A,1,1.5,False
2024-02-29 00:00:00,2024-02-29 02:00:00,NEARUSDT,3.937,3.3631,4.79785,14.577,-0.769,2.828,TRENDING,72.4,B,1,1.5,True
2024-03-02 11:00:00,2024-03-02 13:00:00,LTCUSDT,91.75,82.2268,106.0348,10.38,-2.408,1.198,RANGING,73.0,B,2,1.5,True
2024-03-03 12:00:00,2024-03-03 14:00:00,LTCUSDT,90.57,82.7641,102.27885,8.619,-0.396,1.602,RANGING,79.0,A,2,1.5,True
2024-03-06 18:00:00,2024-03-06 20:00:00,ATOMUSDT,13.579,11.91413,16.076305,12.261,-1.678,1.057,RANGING,70.9,B,2,1.5,True
2024-03-07 11:00:00,2024-03-07 13:00:00,AVAXUSDT,43.51,41.492495,46.536258,4.637,0.124,2.082,RANGING,73.8,B,5,1.5,False
2024-03-10 04:00:00,2024-03-10 06:00:00,BNBUSDT,494.23,476.87365,520.264525,3.512,-0.32,2.717,RANGING,95.8,A,7,1.5,False
2024-03-10 07:00:00,2024-03-10 09:00:00,ARBUSDT,2.0849,2.05766,2.138387,1.307,-0.665,2.16,TRENDING,62.4,B,19,1.96,False
2024-03-10 07:00:00,2024-03-10 09:00:00,AVAXUSDT,43.025,42.55416,44.128791,1.094,-0.101,1.96,TRENDING,59.4,B,22,2.34,False
2024-03-10 21:00:00,2024-03-10 23:00:00,LINKUSDT,21.703,19.286085,25.328372,11.136,-0.958,6.302,RANGING,100.0,A,2,1.5,True
2024-03-12 02:00:00,2024-03-12 04:00:00,SOLUSDT,154.037,144.7725,167.93375,6.014,0.181,2.923,TRENDING,55.7,B,4,1.5,False
2024-03-12 12:00:00,2024-03-12 14:00:00,AVAXUSDT,49.392,46.208795,54.166808,6.445,-0.138,1.822,TRENDING,57.3,B,3,1.5,False
2024-03-12 13:00:00,2024-03-12 15:00:00,INJUSDT,49.101,41.114395,61.080908,16.266,-0.053,1.908,TRENDING,58.6,B,1,1.5,True
2024-03-13 00:00:00,2024-03-13 02:00:00,ARBUSDT,2.0692,1.8905,2.33725,8.636,0.05,3.791,TRENDING,70.0,B,2,1.5,False
2024-03-13 00:00:00,2024-03-13 02:00:00,NEARUSDT,8.26,6.96699,10.199515,15.654,-0.681,2.28,TRENDING,64.2,B,1,1.5,True
2024-03-14 08:00:00,2024-03-14 10:00:00,APTUSDT,14.213,13.00465,16.025525,8.502,0.135,2.495,RANGING,79.0,A,2,1.5,True
2024-03-15 01:00:00,2024-03-15 03:00:00,AVAXUSDT,54.23,50.26939,60.170915,7.303,-1.131,2.304,TRENDING,64.6,B,3,1.5,False
2024-03-18 07:00:00,2024-03-18 09:00:00,LINKUSDT,18.803,18.12094,19.82609,3.627,-0.366,1.384,RANGING,75.8,A,6,1.5,True
2024-03-18 07:00:00,2024-03-18 09:00:00,DOTUSDT,10.188,9.678365,10.952453,5.002,0.029,2.241,RANGING,85.8,A,4,1.5,True
2024-03-21 10:00:00,2024-03-21 12:00:00,BNBUSDT,559.47,538.40445,591.068325,3.765,-0.417,1.014,RANGING,70.2,B,6,1.5,False
2024-03-21 13:00:00,2024-03-21 15:00:00,LINKUSDT,18.502,17.805525,19.546712,3.764,-0.856,2.62,RANGING,94.3,A,6,1.5,True
2024-03-23 09:00:00,2024-03-23 11:00:00,LTCUSDT,86.6,82.4855,92.77175,4.751,-0.536,1.052,RANGING,70.8,B,5,1.5,True
2024-03-25 00:00:00,2024-03-25 02:00:00,NEARUSDT,7.116,6.39984,8.19024,10.064,-0.521,1.715,RANGING,80.7,A,2,1.5,True
2024-03-25 00:00:00,2024-03-25 02:00:00,OPUSDT,3.7623,3.605084,3.998124,4.179,-0.513,1.103,RANGING,71.6,B,5,1.5,True
2024-03-28 06:00:00,2024-03-28 08:00:00,LTCUSDT,96.27,92.76385,101.529225,3.642,0.038,1.087,RANGING,67.5,B,6,1.5,True
2024-03-28 22:00:00,2024-03-29 00:00:00,AVAXUSDT,54.417,53.490205,55.807192,1.703,0.033,1.101,RANGING,68.2,B,14,1.5,False
2024-03-29 14:00:00,2024-03-29 16:00:00,SOLUSDT,184.99,182.629265,188.531103,1.276,-0.412,1.933,RANGING,84.0,A,19,1.5,False
2024-03-29 20:00:00,2024-03-29 22:00:00,SOLUSDT,192.399,183.305865,206.038702,4.726,-0.871,2.065,RANGING,86.0,A,5,1.5,False
2024-03-29 21:00:00,2024-03-29 23:00:00,APTUSDT,17.224,16.701075,18.008388,3.036,-1.876,2.489,RANGING,92.3,A,8,1.5,True
2024-03-30 02:00:00,2024-03-30 04:00:00,ATOMUSDT,12.697,12.2186,13.4146,3.768,-7.908,2.045,RANGING,85.7,A,6,1.5,True
2024-03-30 03:00:00,2024-03-30 05:00:00,OPUSDT,3.7585,3.550259,4.070861,5.541,-1.118,1.422,RANGING,76.3,A,4,1.5,True
2024-03-31 13:00:00,2024-03-31 15:00:00,DOTUSDT,9.581,9.34703,9.931955,2.442,-0.801,1.051,RANGING,70.8,B,10,1.5,True
2024-03-31 14:00:00,2024-03-31 16:00:00,NEARUSDT,7.296,7.083405,7.614893,2.914,-1.591,1.852,RANGING,82.8,A,8,1.5,True
2024-03-31 14:00:00,2024-03-31 16:00:00,APTUSDT,16.81,16.32795,17.533075,2.868,-0.544,1.021,RANGING,70.3,B,8,1.5,True
2024-03-31 15:00:00,2024-03-31 17:00:00,LTCUSDT,103.29,101.8084,105.5124,1.434,-2.702,1.335,RANGING,75.0,A,17,1.5,True
2024-04-03 06:00:00,2024-04-03 08:00:00,NEARUSDT,6.839,5.97,8.1425,12.707,-0.502,1.668,TRENDING,55.0,B,1,1.5,True
2024-04-04 09:00:00,2024-04-04 11:00:00,ATOMUSDT,11.098,10.615655,11.821518,4.346,-0.846,3.197,RANGING,100.0,A,5,1.5,True
2024-04-12 04:00:00,2024-04-12 06:00:00,BNBUSDT,624.9,595.25875,669.361875,4.743,-0.25,1.869,RANGING,83.0,A,5,1.5,False
2024-04-18 11:00:00,2024-04-18 13:00:00,LTCUSDT,81.14,78.1871,85.56935,3.639,-2.174,1.077,RANGING,71.2,B,6,1.5,True
2024-04-20 06:00:00,2024-04-20 08:00:00,NEARUSDT,5.764,5.45658,6.22513,5.333,-0.707,1.99,RANGING,84.9,A,4,1.5,True
2024-04-20 14:00:00,2024-04-20 16:00:00,INJUSDT,28.519,27.23315,30.447775,4.509,-1.686,2.14,RANGING,87.1,A,5,1.5,True
2024-04-22 00:00:00,2024-04-22 02:00:00,DOTUSDT,7.143,6.92122,7.47567,3.105,0.111,1.44,RANGING,65.5,B,8,1.5,True
2024-04-22 00:00:00,2024-04-22 02:00:00,BNBUSDT,582.97,563.33915,612.416275,3.367,0.135,1.511,RANGING,64.1,B,7,1.5,False
2024-04-22 01:00:00,2024-04-22 03:00:00,LTCUSDT,85.32,82.2666,89.9001,3.579,-0.434,1.962,RANGING,84.4,A,6,1.5,True
2024-04-26 12:00:00,2024-04-26 14:00:00,LTCUSDT,87.95,82.6248,95.9378,6.055,-0.916,6.176,RANGING,100.0,A,4,1.5,True
2024-04-29 13:00:00,2024-04-29 15:00:00,AVAXUSDT,34.938,32.644955,38.377568,6.563,-0.097,3.289,TRENDING,75.0,A,3,1.5,False
2024-05-01 12:00:00,2024-05-01 14:00:00,ARBUSDT,1.0208,0.964056,1.105917,5.559,-0.972,2.734,TRENDING,71.0,B,4,1.5,False
2024-05-01 12:00:00,2024-05-01 14:00:00,OPUSDT,2.5318,2.378946,2.761082,6.037,-0.917,2.69,TRENDING,70.4,B,4,1.5,True
2024-05-02 16:00:00,2024-05-02 18:00:00,OPUSDT,2.817,2.674262,3.031108,5.067,-0.38,1.577,RANGING,78.7,A,4,1.5,True
2024-05-05 00:00:00,2024-05-05 02:00:00,AVAXUSDT,37.383,35.13743,40.751355,6.007,0.179,3.275,TRENDING,57.1,B,4,1.5,False
2024-05-06 08:00:00,2024-05-06 10:00:00,DOTUSDT,7.272,7.18191,7.519232,1.239,-0.9,1.911,TRENDING,58.7,B,20,2.74,True
2024-05-06 08:00:00,2024-05-06 10:00:00,ETHUSDT,3144.32,3107.385,3251.219768,1.175,-0.003,1.771,TRENDING,56.6,B,21,2.89,False
2024-05-08 19:00:00,2024-05-08 21:00:00,BNBUSDT,587.08,575.91595,603.826075,1.902,-0.448,2.461,TRENDING,66.9,B,13,1.5,False
2024-05-09 04:00:00,2024-05-09 06:00:00,NEARUSDT,7.232,6.745105,7.962343,6.733,-1.871,3.619,TRENDING,75.0,A,3,1.5,True
2024-05-09 15:00:00,2024-05-09 17:00:00,BNBUSDT,592.65,586.055,615.736923,1.113,0.094,4.811,TRENDING,65.6,B,22,3.5,False
2024-05-10 12:00:00,2024-05-10 14:00:00,INJUSDT,25.755,22.68202,30.36447,11.932,-1.796,2.559,TRENDING,68.4,B,2,1.5,True
2024-05-14 11:00:00,2024-05-14 13:00:00,LTCUSDT,79.56,78.605,80.9925,1.2,-3.281,2.248,TRENDING,63.7,B,20,1.5,True
2024-05-14 12:00:00,2024-05-14 14:00:00,AVAXUSDT,31.955,31.41414,32.76629,1.693,-0.721,3.667,TRENDING,75.0,A,14,1.5,False
2024-05-14 12:00:00,2024-05-14 14:00:00,NEARUSDT,7.065,7.03266,7.11351,0.458,-0.999,3.531,TRENDING,75.0,A,54,1.5,True
2024-05-18 00:00:00,2024-05-18 02:00:00,LINKUSDT,16.185,15.84836,16.68996,2.08,-0.288,1.956,TRENDING,59.3,B,12,1.5,True
2024-05-18 00:00:00,2024-05-18 02:00:00,ARBUSDT,1.023,0.965946,1.108581,5.577,0.16,2.774,TRENDING,55.6,B,4,1.5,False
2024-05-18 00:00:00,2024-05-18 02:00:00,AVAXUSDT,37.287,36.02696,39.17706,3.379,-1.323,1.979,TRENDING,59.7,B,7,1.5,False
2024-05-20 00:00:00,2024-05-20 02:00:00,ATOMUSDT,8.23,8.110245,8.409633,1.455,0.108,2.657,RANGING,84.1,A,17,1.5,True
2024-05-20 00:00:00,2024-05-20 02:00:00,ARBUSDT,0.9688,0.957588,0.985618,1.157,-0.103,1.467,RANGING,77.0,A,21,1.5,False
2024-05-24 03:00:00,2024-05-24 05:00:00,APTUSDT,8.998,8.215715,10.171428,8.694,-0.243,1.668,TRENDING,55.0,B,2,1.5,True
2024-05-25 04:00:00,2024-05-25 06:00:00,LTCUSDT,85.32,84.2964,86.8554,1.2,-1.27,1.038,RANGING,70.6,B,20,1.5,True
2024-05-25 04:00:00,2024-05-25 06:00:00,NEARUSDT,7.925,7.823685,8.076972,1.278,0.06,2.248,RANGING,82.7,A,19,1.5,True
2024-05-25 04:00:00,2024-05-25 06:00:00,ATOMUSDT,8.478,8.27442,8.78337,2.401,-1.547,1.941,RANGING,84.1,A,10,1.5,True
2024-05-25 11:00:00,2024-05-25 13:00:00,NEARUSDT,8.026,7.853535,8.284698,2.149,-0.266,1.552,RANGING,78.3,A,11,1.5,True
2024-05-26 02:00:00,2024-05-26 04:00:00,LINKUSDT,17.734,16.828435,19.092348,5.106,-0.965,4.907,TRENDING,75.0,A,4,1.5,True
2024-05-27 02:00:00,2024-05-27 04:00:00,OPUSDT,2.5898,2.492574,2.735638,3.754,0.25,2.42,RANGING,66.3,B,6,1.5,True
2024-05-27 11:00:00,2024-05-27 13:00:00,SOLUSDT,168.274,163.015825,176.161262,3.125,-3.386,1.989,RANGING,84.8,A,8,1.5,False
2024-05-28 00:00:00,2024-05-28 02:00:00,INJUSDT,25.442,25.379465,25.611662,0.246,-0.643,1.677,RANGING,80.2,A,100,2.71,True
2024-05-28 00:00:00,2024-05-28 02:00:00,ATOMUSDT,8.648,8.51123,8.853155,1.582,-0.927,1.726,RANGING,80.9,A,15,1.5,True
2024-05-28 00:00:00,2024-05-28 02:00:00,AVAXUSDT,37.706,37.51548,37.99178,0.505,-1.212,1.245,RANGING,73.7,B,49,1.5,False
2024-05-28 00:00:00,2024-05-28 02:00:00,APTUSDT,9.555,9.365935,9.838597,1.979,-0.785,1.924,RANGING,83.9,A,12,1.5,True
2024-05-31 00:00:00,2024-05-31 02:00:00,MATICUSDT,0.698,0.683764,0.719354,2.04,-0.084,1.155,RANGING,72.3,B,12,1.5,False
2024-05-31 00:00:00,2024-05-31 02:00:00,LTCUSDT,84.16,83.11235,85.731475,1.245,-0.752,1.363,RANGING,75.4,A,20,1.5,True
2024-05-31 00:00:00,2024-05-31 02:00:00,NEARUSDT,7.317,7.182905,7.518143,1.833,0.089,1.739,RANGING,72.2,B,13,1.5,True
2024-05-31 00:00:00,2024-05-31 02:00:00,APTUSDT,9.177,8.81172,9.72492,3.98,0.097,2.638,RANGING,84.8,A,6,1.5,True
2024-05-31 20:00:00,2024-05-31 22:00:00,LINKUSDT,18.437,17.37668,20.02748,5.751,-3.052,1.248,RANGING,73.7,B,4,1.5,True
2024-05-31 23:00:00,2024-06-01 01:00:00,APTUSDT,9.133,8.930125,9.437312,2.221,-0.943,1.039,RANGING,70.6,B,11,1.5,True
2024-05-31 23:00:00,2024-06-01 01:00:00,LTCUSDT,83.11,81.63975,85.315375,1.769,-0.053,1.721,RANGING,80.8,A,14,1.5,True
2024-05-31 23:00:00,2024-06-01 01:00:00,NEARUSDT,7.241,7.04858,7.52963,2.657,-0.494,1.045,RANGING,70.7,B,9,1.5,True
2024-05-31 23:00:00,2024-06-01 01:00:00,INJUSDT,24.361,24.13273,24.841679,0.937,-0.799,1.684,RANGING,80.3,A,26,2.11,True
2024-06-01 21:00:00,2024-06-01 23:00:00,SOLUSDT,166.281,166.082415,167.010186,0.119,0.163,1.119,RANGING,55.5,B,100,3.67,False
2024-06-01 21:00:00,2024-06-01 23:00:00,ETHUSDT,3817.49,3773.16935,3883.970975,1.161,-0.099,2.321,RANGING,89.8,A,21,1.5,False
2024-06-01 21:00:00,2024-06-01 23:00:00,ARBUSDT,1.1341,1.11828,1.157829,1.395,0.27,2.136,RANGING,60.1,B,17,1.5,False
2024-06-03 00:00:00,2024-06-03 02:00:00,ATOMUSDT,8.406,8.112235,8.846648,3.495,-0.467,1.562,RANGING,78.4,A,7,1.5,True
2024-06-03 00:00:00,2024-06-03 02:00:00,ARBUSDT,1.1266,1.085545,1.188183,3.644,-1.06,2.088,RANGING,86.3,A,6,1.5,False
2024-06-03 00:00:00,2024-06-03 02:00:00,APTUSDT,9.055,8.756,9.5035,3.302,-1.006,2.112,RANGING,86.7,A,7,1.5,True
2024-06-03 01:00:00,2024-06-03 03:00:00,BNBUSDT,608.55,593.32845,631.382325,2.501,0.139,2.051,RANGING,71.8,B,9,1.5,False
2024-06-03 04:00:00,2024-06-03 06:00:00,BNBUSDT,628.72,593.32845,681.807325,5.629,0.165,2.144,RANGING,70.7,B,4,1.5,False
2024-06-05 00:00:00,2024-06-05 02:00:00,INJUSDT,25.535,24.80137,26.635445,2.873,-0.539,2.046,TRENDING,60.7,B,8,1.5,True
2024-06-07 09:00:00,2024-06-07 11:00:00,APTUSDT,9.269,8.96097,9.731045,3.323,-0.015,1.344,RANGING,75.2,A,7,1.5,True
2024-06-07 12:00:00,2024-06-07 14:00:00,BNBUSDT,703.6,693.6543,718.51855,1.414,0.027,2.814,RANGING,94.5,A,17,1.5,False
2024-06-10 13:00:00,2024-06-10 15:00:00,ETHUSDT,3703.59,3624.387,3822.3945,2.139,-0.106,1.227,RANGING,73.4,B,11,1.5,False
2024-06-13 14:00:00,2024-06-13 16:00:00,ETHUSDT,3470.29,3454.84895,3493.451575,0.445,-1.18,1.021,RANGING,70.3,B,56,1.5,False
2024-06-14 05:00:00,2024-06-14 07:00:00,LTCUSDT,79.52,78.3662,81.2507,1.451,-0.324,2.214,TRENDING,63.2,B,17,1.5,True
2024-06-19 01:00:00,2024-06-19 03:00:00,OPUSDT,1.9296,1.724634,2.23705,10.622,-6.973,2.43,TRENDING,66.5,B,2,1.5,True
2024-06-19 01:00:00,2024-06-19 03:00:00,LTCUSDT,74.62,70.247,81.1795,5.86,-0.879,1.867,TRENDING,58.0,B,4,1.5,True
2024-06-19 01:00:00,2024-06-19 03:00:00,ARBUSDT,0.8271,0.763762,0.922107,7.658,-3.259,1.728,TRENDING,55.9,B,3,1.5,False
2024-06-20 22:00:00,2024-06-21 00:00:00,APTUSDT,6.888,6.66849,7.217265,3.187,-0.609,1.315,RANGING,74.7,B,7,1.5,True
2024-06-22 16:00:00,2024-06-22 18:00:00,ARBUSDT,0.8057,0.787244,0.833384,2.291,-3.316,1.163,RANGING,72.4,B,10,1.5,False
2024-06-27 05:00:00,2024-06-27 07:00:00,INJUSDT,23.462,22.487995,24.923008,4.151,-0.406,1.394,RANGING,75.9,A,6,1.5,True
2024-06-27 06:00:00,2024-06-27 08:00:00,INJUSDT,23.495,22.487995,25.005508,4.286,0.017,1.371,RANGING,73.8,B,5,1.5,True
2024-06-28 12:00:00,2024-06-28 14:00:00,INJUSDT,22.994,22.738735,23.376898,1.11,-0.448,5.658,RANGING,100.0,A,22,1.5,True
2024-06-28 12:00:00,2024-06-28 14:00:00,AVAXUSDT,28.211,27.711745,28.959882,1.77,0.177,1.25,RANGING,56.1,B,14,1.5,False
2024-07-02 22:00:00,2024-07-03 00:00:00,OPUSDT,1.7714,1.724136,1.842296,2.668,0.089,1.333,RANGING,66.1,B,9,1.5,True
2024-07-03 00:00:00,2024-07-03 02:00:00,APTUSDT,6.822,6.80779,6.855922,0.208,0.022,1.211,RANGING,70.9,B,100,2.39,True
2024-07-03 10:00:00,2024-07-03 12:00:00,LINKUSDT,14.144,13.998655,14.362017,1.028,-0.89,2.412,TRENDING,66.2,B,24,1.5,True
2024-07-07 21:00:00,2024-07-07 23:00:00,AVAXUSDT,25.736,25.335685,26.336472,1.555,0.172,2.978,RANGING,82.5,A,16,1.5,False
2024-07-09 22:00:00,2024-07-10 00:00:00,MATICUSDT,0.4943,0.490634,0.50802,0.742,-0.125,1.565,RANGING,78.5,A,33,3.74,False
2024-07-09 22:00:00,2024-07-10 00:00:00,OPUSDT,1.5908,1.48643,1.747354,6.561,-0.125,2.003,RANGING,85.0,A,3,1.5,True
2024-07-14 19:00:00,2024-07-14 21:00:00,DOTUSDT,6.342,6.148105,6.632842,3.057,-0.855,3.248,TRENDING,75.0,A,8,1.5,True
2024-07-15 15:00:00,2024-07-15 17:00:00,OPUSDT,1.7859,1.74921,1.840935,2.054,-0.364,2.414,TRENDING,66.2,B,12,1.5,True
2024-07-17 21:00:00,2024-07-17 23:00:00,SOLUSDT,155.467,153.80312,157.96282,1.07,0.13,2.646,RANGING,81.7,A,23,1.5,False
2024-07-19 13:00:00,2024-07-19 15:00:00,BNBUSDT,591.92,563.3093,634.83605,4.834,0.032,2.365,RANGING,87.3,A,5,1.5,False
2024-07-19 15:00:00,2024-07-19 17:00:00,BNBUSDT,592.39,563.3093,636.01105,4.909,-0.848,2.557,RANGING,93.4,A,5,1.5,False
2024-07-22 00:00:00,2024-07-22 02:00:00,LTCUSDT,74.15,70.79425,79.183625,4.526,-0.417,1.05,RANGING,70.8,B,5,1.5,True
2024-07-25 12:00:00,2024-07-25 14:00:00,MATICUSDT,0.5014,0.493321,0.513518,1.611,-2.748,2.121,TRENDING,61.8,B,15,1.5,False
2024-07-25 12:00:00,2024-07-25 14:00:00,ATOMUSDT,5.86,5.746125,6.030813,1.943,-0.677,2.173,TRENDING,62.6,B,12,1.5,True
2024-07-25 12:00:00,2024-07-25 14:00:00,INJUSDT,24.234,22.696945,26.539583,6.343,-1.078,2.696,TRENDING,70.4,B,3,1.5,True
2024-07-27 07:00:00,2024-07-27 09:00:00,NEARUSDT,5.812,5.600855,6.128718,3.633,-1.25,2.917,TRENDING,73.8,B,6,1.5,True
2024-07-30 05:00:00,2024-07-30 07:00:00,MATICUSDT,0.5237,0.50357,0.553896,3.844,-0.45,2.229,TRENDING,63.4,B,6,1.5,False
2024-08-02 12:00:00,2024-08-02 14:00:00,NEARUSDT,4.733,4.693415,4.847427,0.836,0.08,2.794,RANGING,89.0,A,29,2.89,True
2024-08-09 19:00:00,2024-08-09 21:00:00,APTUSDT,5.738,5.594885,5.952672,2.494,0.265,2.022,RANGING,58.8,B,10,1.5,True
2024-08-11 06:00:00,2024-08-11 08:00:00,APTUSDT,6.189,5.8506,6.6966,5.468,-0.993,1.082,RANGING,71.2,B,4,1.5,True
2024-08-17 11:00:00,2024-08-17 13:00:00,LTCUSDT,67.56,65.5108,70.6338,3.033,-0.543,2.659,RANGING,94.9,A,8,1.5,True
2024-08-17 17:00:00,2024-08-17 19:00:00,OPUSDT,1.3146,1.251412,1.409383,4.807,-0.091,2.311,RANGING,89.7,A,5,1.5,True
2024-08-18 21:00:00,2024-08-18 23:00:00,APTUSDT,5.779,5.758065,5.810402,0.362,-0.057,2.244,TRENDING,63.7,B,69,1.5,True
2024-08-21 13:00:00,2024-08-21 15:00:00,MATICUSDT,0.4854,0.453521,0.533218,6.568,-1.485,1.255,RANGING,73.8,B,3,1.5,False
2024-08-22 20:00:00,2024-08-22 22:00:00,LTCUSDT,63.81,62.41635,65.900475,2.184,-0.483,1.758,RANGING,81.4,A,11,1.5,True
2024-08-24 15:00:00,2024-08-24 17:00:00,AVAXUSDT,27.492,26.042135,29.666798,5.274,-2.039,2.569,TRENDING,68.5,B,4,1.5,False
2024-08-25 03:00:00,2024-08-25 05:00:00,DOTUSDT,4.876,4.81779,4.963315,1.194,-6.146,3.737,TRENDING,75.0,A,20,1.5,True
2024-08-26 06:00:00,2024-08-26 08:00:00,LINKUSDT,12.565,11.879305,13.593542,5.457,-1.888,5.468,TRENDING,75.0,A,4,1.5,True
2024-09-08 04:00:00,2024-09-08 06:00:00,BNBUSDT,497.41,487.87835,511.707475,1.916,0.108,1.541,RANGING,67.3,B,13,1.5,False
2024-09-08 04:00:00,2024-09-08 06:00:00,ARBUSDT,0.5064,0.494515,0.524227,2.347,-2.95,2.359,RANGING,90.4,A,10,1.5,False
2024-09-08 04:00:00,2024-09-08 06:00:00,LINKUSDT,10.219,9.88035,10.726975,3.314,-1.907,2.545,RANGING,93.2,A,7,1.5,True
2024-09-12 12:00:00,2024-09-12 14:00:00,DOTUSDT,4.215,4.174025,4.276462,0.972,0.261,1.917,RANGING,57.6,B,25,1.5,True
2024-09-12 12:00:00,2024-09-12 14:00:00,AVAXUSDT,23.536,23.309865,23.875203,0.961,0.183,2.992,RANGING,81.6,A,26,1.5,False
2024-09-13 04:00:00,2024-09-13 06:00:00,APTUSDT,6.098,6.008805,6.231792,1.463,-0.599,1.915,RANGING,83.7,A,17,1.5,True
2024-09-13 11:00:00,2024-09-13 13:00:00,BNBUSDT,552.46,535.73785,577.543225,3.027,0.293,2.145,RANGING,57.8,B,8,1.5,False
2024-09-15 00:00:00,2024-09-15 02:00:00,LINKUSDT,11.315,11.144995,11.570008,1.502,-1.272,1.385,RANGING,75.8,A,16,1.5,True
2024-09-15 00:00:00,2024-09-15 02:00:00,AVAXUSDT,25.11,25.037185,25.511586,0.29,-2.851,1.495,RANGING,77.4,A,86,5.52,False
2024-09-15 00:00:00,2024-09-15 02:00:00,NEARUSDT,4.256,4.136215,4.435678,2.814,-0.554,1.837,RANGING,82.6,A,8,1.5,True
2024-09-20 21:00:00,2024-09-20 23:00:00,ATOMUSDT,4.524,4.438695,4.651958,1.886,0.104,2.231,RANGING,78.0,A,13,1.5,True
2024-09-21 00:00:00,2024-09-21 02:00:00,ETHUSDT,2541.01,2502.73345,2598.424825,1.506,-0.22,1.93,RANGING,83.9,A,16,1.5,False
2024-09-21 00:00:00,2024-09-21 02:00:00,BNBUSDT,568.7,561.32925,579.985939,1.296,0.129,2.627,RANGING,81.5,A,19,1.53,False
2024-09-21 00:00:00,2024-09-21 02:00:00,ATOMUSDT,4.497,4.438695,4.586244,1.297,0.12,1.356,RANGING,63.4,B,19,1.53,True
2024-09-21 14:00:00,2024-09-21 16:00:00,INJUSDT,21.063,20.543765,21.841852,2.465,-0.238,2.515,RANGING,92.7,A,10,1.5,True
2024-09-22 20:00:00,2024-09-22 22:00:00,BNBUSDT,588.27,574.4135,609.05475,2.355,-0.534,2.8,RANGING,97.0,A,10,1.5,False
2024-09-23 03:00:00,2024-09-23 05:00:00,ATOMUSDT,4.644,4.4576,4.9236,4.014,-0.064,1.182,RANGING,72.7,B,6,1.5,True
2024-09-27 23:00:00,2024-09-28 01:00:00,APTUSDT,8.3764,8.020098,8.910853,4.254,-2.225,1.849,TRENDING,57.7,B,5,1.5,True
2024-10-06 08:00:00,2024-10-06 10:00:00,BNBUSDT,561.5,555.21,570.935,1.12,-0.186,1.515,RANGING,77.7,A,22,1.5,False
2024-10-10 06:00:00,2024-10-10 08:00:00,LINKUSDT,10.596,10.35397,10.959045,2.284,-1.379,1.771,TRENDING,56.6,B,10,1.5,True
2024-10-16 11:00:00,2024-10-16 13:00:00,OPUSDT,1.7209,1.685331,1.774254,2.067,-1.505,2.426,TRENDING,66.4,B,12,1.5,True
2024-10-16 11:00:00,2024-10-16 13:00:00,ETHUSDT,2605.79,2584.612,2672.538947,0.813,-0.83,1.697,TRENDING,55.5,B,30,3.15,False
2024-10-16 18:00:00,2024-10-16 20:00:00,BNBUSDT,602.44,587.1097,625.43545,2.545,-2.007,2.541,TRENDING,68.1,B,9,1.5,False
2024-10-16 20:00:00,2024-10-16 22:00:00,NEARUSDT,5.013,4.85759,5.246115,3.1,-1.316,1.96,TRENDING,59.4,B,8,1.5,True
2024-10-16 20:00:00,2024-10-16 22:00:00,OPUSDT,1.775,1.690306,1.902041,4.771,-0.957,2.085,TRENDING,61.3,B,5,1.5,True
2024-10-17 22:00:00,2024-10-18 00:00:00,ETHUSDT,2596.46,2560.86135,2649.857975,1.371,0.046,1.583,RANGING,74.2,B,18,1.5,False
2024-10-19 21:00:00,2024-10-19 23:00:00,ATOMUSDT,4.464,4.33422,4.65867,2.907,-1.564,1.782,RANGING,81.7,A,8,1.5,True
2024-10-19 21:00:00,2024-10-19 23:00:00,SOLUSDT,159.7,152.74245,170.136325,4.357,0.21,1.758,RANGING,60.4,B,5,1.5,False
2024-10-24 13:00:00,2024-10-24 15:00:00,SOLUSDT,175.36,170.01565,183.376525,3.048,-0.705,1.022,RANGING,70.3,B,8,1.5,False
2024-10-24 16:00:00,2024-10-24 18:00:00,ATOMUSDT,4.742,4.540185,5.044722,4.256,-0.149,1.73,RANGING,81.0,A,5,1.5,True
2024-10-26 18:00:00,2024-10-26 20:00:00,APTUSDT,9.2308,8.865649,9.778527,3.956,-4.602,2.352,TRENDING,65.3,B,6,1.5,True
2024-10-27 08:00:00,2024-10-27 10:00:00,SOLUSDT,173.57,169.349,179.9015,2.432,-9.779,1.972,RANGING,84.6,A,10,1.5,False
2024-11-29 11:00:00,2024-11-29 13:00:00,SOLUSDT,243.53,236.412,254.207,2.923,-2.237,1.935,RANGING,84.0,A,8,1.5,False
2024-11-30 06:00:00,2024-11-30 08:00:00,BNBUSDT,669.16,645.1381,705.19285,3.59,0.265,2.018,RANGING,58.8,B,6,1.5,False
2024-12-02 21:00:00,2024-12-02 23:00:00,AVAXUSDT,52.312,46.61575,60.856375,10.889,-0.718,6.655,RANGING,100.0,A,2,1.5,False
2024-12-03 05:00:00,2024-12-03 07:00:00,LINKUSDT,25.134,23.69294,27.29559,5.734,-1.073,1.675,RANGING,80.1,A,4,1.5,True
2024-12-04 06:00:00,2024-12-04 08:00:00,OPUSDT,2.5791,2.518644,2.669785,2.344,-0.256,1.502,RANGING,77.5,A,10,1.5,True
2024-12-04 06:00:00,2024-12-04 08:00:00,AVAXUSDT,54.407,47.62667,64.577495,12.462,-2.058,1.603,RANGING,79.0,A,2,1.5,False
2024-12-04 06:00:00,2024-12-04 08:00:00,ARBUSDT,1.1037,0.957489,1.323017,13.247,-0.566,1.772,RANGING,81.6,A,1,1.5,False
2024-12-04 08:00:00,2024-12-04 10:00:00,ATOMUSDT,10.342,9.397775,11.758338,9.13,-0.318,1.225,RANGING,73.4,B,2,1.5,True
2024-12-04 09:00:00,2024-12-04 11:00:00,INJUSDT,33.467,32.48476,34.94036,2.935,-14.365,1.053,RANGING,70.8,B,8,1.5,True
2024-12-04 20:00:00,2024-12-04 22:00:00,OPUSDT,2.5674,2.543917,2.736363,0.915,-2.872,1.699,RANGING,80.5,A,27,7.19,True
2024-12-04 20:00:00,2024-12-04 22:00:00,SOLUSDT,229.25,223.6959,244.337138,2.423,-0.702,1.241,RANGING,73.6,B,10,2.72,False
2024-12-04 20:00:00,2024-12-04 22:00:00,ETHUSDT,3844.49,3672.0077,4103.21345,4.486,0.191,1.909,RANGING,64.5,B,5,1.5,False
2024-12-04 20:00:00,2024-12-04 22:00:00,INJUSDT,32.017,31.3425,34.124066,2.107,-3.439,2.199,RANGING,88.0,A,11,3.12,True
2024-12-04 23:00:00,2024-12-05 01:00:00,NEARUSDT,7.145,7.125195,7.600079,0.277,-1.347,1.32,RANGING,74.8,B,90,22.98,True
2024-12-05 13:00:00,2024-12-05 15:00:00,INJUSDT,34.079,30.099745,40.047882,11.677,-2.033,1.914,TRENDING,58.7,B,2,1.5,True
2024-12-09 00:00:00,2024-12-09 02:00:00,LINKUSDT,26.83,25.409315,28.961027,5.295,-0.302,4.662,RANGING,100.0,A,4,1.5,True
2024-12-13 20:00:00,2024-12-13 22:00:00,APTUSDT,14.0907,13.34295,15.212325,5.307,-0.157,2.65,RANGING,94.8,A,4,1.5,True
2024-12-14 05:00:00,2024-12-14 07:00:00,ATOMUSDT,9.166,8.93112,9.51832,2.563,-1.421,2.762,RANGING,96.4,A,9,1.5,True
2024-12-22 03:00:00,2024-12-22 05:00:00,LTCUSDT,98.66,98.41545,99.342453,0.248,0.197,1.828,RANGING,62.7,B,100,2.79,True
2024-12-25 01:00:00,2024-12-25 03:00:00,SOLUSDT,199.78,192.24395,211.084075,3.772,-0.716,1.906,TRENDING,58.6,B,6,1.5,False
2024-12-25 10:00:00,2024-12-25 12:00:00,ATOMUSDT,6.906,6.862515,6.971227,0.63,-2.699,4.516,TRENDING,75.0,A,39,1.5,True
2024-12-25 10:00:00,2024-12-25 12:00:00,APTUSDT,9.6114,9.453396,9.848407,1.644,-1.63,2.503,TRENDING,67.5,B,15,1.5,True
2024-12-25 10:00:00,2024-12-25 12:00:00,DOTUSDT,7.429,7.34708,7.55188,1.103,-3.959,2.182,TRENDING,62.7,B,22,1.5,True
2024-12-25 10:00:00,2024-12-25 12:00:00,ARBUSDT,0.8015,0.793911,0.812884,0.947,0.046,3.152,TRENDING,70.4,B,26,1.5,False
2024-12-25 10:00:00,2024-12-25 12:00:00,SOLUSDT,196.03,192.24395,201.709075,1.931,-1.052,3.874,TRENDING,75.0,A,12,1.5,False
2024-12-25 10:00:00,2024-12-25 12:00:00,LINKUSDT,24.572,24.43322,24.797163,0.565,-4.656,4.252,TRENDING,75.0,A,44,1.62,True
2024-12-25 10:00:00,2024-12-25 12:00:00,AVAXUSDT,40.76,40.370135,41.344798,0.956,-4.053,2.722,TRENDING,70.8,B,26,1.5,False
2024-12-28 14:00:00,2024-12-28 16:00:00,BNBUSDT,725.87,683.49535,789.431975,5.838,-3.785,4.17,TRENDING,75.0,A,4,1.5,False
2024-12-28 22:00:00,2024-12-29 00:00:00,APTUSDT,9.1457,8.62267,9.930245,5.719,-2.136,1.229,RANGING,73.4,B,4,1.5,True
