signal_time,coin,tier,regime,hold_h,outcome,pnl_pct,entry,exit
2023-08-11 23:00:00,ETHUSDT,B,RANGING,4,OPEN,-0.341,1849.7586,1844.9229
2023-08-11 23:00:00,ETHUSDT,B,RANGING,12,OPEN,-0.129,1849.7586,1848.8497
2023-08-11 23:00:00,ETHUSDT,B,RANGING,24,OPEN,-0.109,1849.7586,1849.2194
2024-06-01 21:00:00,ETHUSDT,A,RANGING,4,OPEN,-0.462,3820.544,3805.9528
2024-06-01 21:00:00,ETHUSDT,A,RANGING,12,STOP,-1.399,3820.544,3770.1509
2024-06-01 21:00:00,ETHUSDT,A,RANGING,24,STOP,-1.399,3820.544,3770.1509
2024-06-19 00:00:00,ETHUSDT,C,TRENDING,4,OPEN,0.37,3541.2107,3557.152
2024-06-19 00:00:00,ETHUSDT,C,TRENDING,12,OPEN,-0.791,3541.2107,3516.0249
2024-06-19 00:00:00,ETHUSDT,C,TRENDING,24,OPEN,0.109,3541.2107,3547.9194
2024-06-19 01:00:00,ETHUSDT,B,TRENDING,4,OPEN,-0.832,3567.0614,3540.2355
2024-06-19 01:00:00,ETHUSDT,B,TRENDING,12,OPEN,-1.26,3567.0614,3524.9678
2024-06-19 01:00:00,ETHUSDT,B,TRENDING,24,OPEN,-0.586,3567.0614,3549.0085
2024-08-12 23:00:00,ETHUSDT,B,TRENDING,4,OPEN,-3.189,2733.8653,2648.8792
2024-08-12 23:00:00,ETHUSDT,B,TRENDING,12,STOP,-4.573,2733.8653,2611.0382
2024-08-12 23:00:00,ETHUSDT,B,TRENDING,24,STOP,-4.573,2733.8653,2611.0382
2024-09-21 00:00:00,ETHUSDT,A,RANGING,4,OPEN,-0.018,2543.0428,2544.6227
2024-09-21 00:00:00,ETHUSDT,A,RANGING,12,OPEN,0.755,2543.0428,2564.2669
2024-09-21 00:00:00,ETHUSDT,A,RANGING,24,TARGET,2.016,2543.0428,2596.3461
2024-10-17 22:00:00,ETHUSDT,B,RANGING,4,TARGET,1.813,2598.5372,2647.7381
2024-10-17 22:00:00,ETHUSDT,B,RANGING,12,TARGET,1.813,2598.5372,2647.7381
2024-10-17 22:00:00,ETHUSDT,B,RANGING,24,TARGET,1.813,2598.5372,2647.7381
2024-11-30 00:00:00,ETHUSDT,C,TRENDING,4,OPEN,1.721,3630.5621,3695.9309
2024-11-30 00:00:00,ETHUSDT,C,TRENDING,12,OPEN,0.611,3630.5621,3655.6431
2024-11-30 00:00:00,ETHUSDT,C,TRENDING,24,OPEN,0.833,3630.5621,3663.6967
2023-02-12 18:00:00,SOLUSDT,B,TRENDING,4,OPEN,-3.233,22.1327,21.4348
2023-02-12 18:00:00,SOLUSDT,B,TRENDING,12,STOP,-6.857,22.1327,20.6327
2023-02-12 18:00:00,SOLUSDT,B,TRENDING,24,STOP,-6.857,22.1327,20.6327
2023-02-19 12:00:00,SOLUSDT,A,RANGING,4,OPEN,-0.511,24.3615,24.2566
2023-02-19 12:00:00,SOLUSDT,A,RANGING,12,OPEN,5.543,24.3615,25.7314
2023-02-19 12:00:00,SOLUSDT,A,RANGING,24,TARGET,7.457,24.3615,26.1976
2023-04-10 10:00:00,SOLUSDT,C,TRENDING,4,TARGET,1.246,20.2262,20.4944
2023-04-10 10:00:00,SOLUSDT,C,TRENDING,12,TARGET,1.246,20.2262,20.4944
2023-04-10 10:00:00,SOLUSDT,C,TRENDING,24,TARGET,1.246,20.2262,20.4944
2023-04-14 23:00:00,SOLUSDT,C,TRENDING,4,OPEN,-0.576,24.3695,24.2486
2023-04-14 23:00:00,SOLUSDT,C,TRENDING,12,OPEN,-0.633,24.3695,24.2346
2023-04-14 23:00:00,SOLUSDT,C,TRENDING,24,OPEN,-0.986,24.3695,24.1487
2023-06-30 00:00:00,SOLUSDT,A,RANGING,4,OPEN,0.209,18.4828,18.5362
2023-06-30 00:00:00,SOLUSDT,A,RANGING,12,STOP,-6.344,18.4828,17.325
2023-06-30 00:00:00,SOLUSDT,A,RANGING,24,STOP,-6.344,18.4828,17.325
2023-07-06 00:00:00,SOLUSDT,A,TRENDING,4,OPEN,0.482,19.5236,19.6333
2023-07-06 00:00:00,SOLUSDT,A,TRENDING,12,OPEN,-1.315,19.5236,19.2826
2023-07-06 00:00:00,SOLUSDT,A,TRENDING,24,OPEN,3.808,19.5236,20.2828
2023-07-08 00:00:00,SOLUSDT,A,RANGING,4,OPEN,-1.428,21.8675,21.5727
2023-07-08 00:00:00,SOLUSDT,A,RANGING,12,OPEN,-0.875,21.8675,21.6936
2023-07-08 00:00:00,SOLUSDT,A,RANGING,24,OPEN,-0.615,21.8675,21.7506
2023-07-12 00:00:00,SOLUSDT,A,RANGING,4,OPEN,0.046,21.9856,22.0134
2023-07-12 00:00:00,SOLUSDT,A,RANGING,12,TARGET,2.205,21.9856,22.4879
2023-07-12 00:00:00,SOLUSDT,A,RANGING,24,TARGET,2.205,21.9856,22.4879
2023-07-17 05:00:00,SOLUSDT,A,RANGING,4,STOP,-2.803,27.6561,26.9032
2023-07-17 05:00:00,SOLUSDT,A,RANGING,12,STOP,-2.803,27.6561,26.9032
2023-07-17 05:00:00,SOLUSDT,A,RANGING,24,STOP,-2.803,27.6561,26.9032
2023-08-11 22:00:00,SOLUSDT,B,RANGING,4,OPEN,-1.41,24.7698,24.4404
2023-08-11 22:00:00,SOLUSDT,B,RANGING,12,OPEN,-1.01,24.7698,24.5394
2023-08-11 22:00:00,SOLUSDT,B,RANGING,24,OPEN,0.301,24.7698,24.8641
2023-08-26 12:00:00,SOLUSDT,C,RANGING,4,OPEN,-0.843,20.3813,20.2258
2023-08-26 12:00:00,SOLUSDT,C,RANGING,12,OPEN,-0.872,20.3813,20.2198
2023-08-26 12:00:00,SOLUSDT,C,RANGING,24,TARGET,1.819,20.3813,20.7683
2023-09-30 12:00:00,SOLUSDT,B,RANGING,4,OPEN,-0.193,21.301,21.277
2023-09-30 12:00:00,SOLUSDT,B,RANGING,12,OPEN,-0.592,21.301,21.192
2023-09-30 12:00:00,SOLUSDT,B,RANGING,24,TARGET,9.113,21.301,23.2593
2023-10-04 06:00:00,SOLUSDT,C,TRENDING,4,OPEN,-0.214,23.4968,23.4652
2023-10-04 06:00:00,SOLUSDT,C,TRENDING,12,STOP,-3.747,23.4968,22.6351
2023-10-04 06:00:00,SOLUSDT,C,TRENDING,24,STOP,-3.747,23.4968,22.6351
2023-11-02 11:00:00,SOLUSDT,C,TRENDING,4,STOP,-5.752,43.3507,40.8917
2023-11-02 11:00:00,SOLUSDT,C,TRENDING,12,STOP,-5.752,43.3507,40.8917
2023-11-02 11:00:00,SOLUSDT,C,TRENDING,24,STOP,-5.752,43.3507,40.8917
2023-11-10 06:00:00,SOLUSDT,C,TRENDING,4,OPEN,8.556,47.3278,51.4148
2023-11-10 06:00:00,SOLUSDT,C,TRENDING,12,TARGET,13.92,47.3278,53.9536
2023-11-10 06:00:00,SOLUSDT,C,TRENDING,24,TARGET,13.92,47.3278,53.9536
2023-12-09 06:00:00,SOLUSDT,B,TRENDING,4,OPEN,1.301,75.8276,76.8745
2023-12-09 06:00:00,SOLUSDT,B,TRENDING,12,OPEN,-2.985,75.8276,73.6251
2023-12-09 06:00:00,SOLUSDT,B,TRENDING,24,OPEN,-5.057,75.8276,72.0533
2023-12-15 09:00:00,SOLUSDT,A,RANGING,4,OPEN,-4.13,79.2453,76.0361
2023-12-15 09:00:00,SOLUSDT,A,RANGING,12,STOP,-7.115,79.2453,73.6705
2023-12-15 09:00:00,SOLUSDT,A,RANGING,24,STOP,-7.115,79.2453,73.6705
2023-12-25 15:00:00,SOLUSDT,C,TRENDING,4,OPEN,-3.602,123.884,119.5203
2023-12-25 15:00:00,SOLUSDT,C,TRENDING,12,OPEN,-7.39,123.884,114.8281
2023-12-25 15:00:00,SOLUSDT,C,TRENDING,24,STOP,-12.103,123.884,108.9896
2024-01-09 04:00:00,SOLUSDT,C,TRENDING,4,OPEN,-1.413,101.7643,100.4076
2024-01-09 04:00:00,SOLUSDT,C,TRENDING,12,OPEN,-1.788,101.7643,100.0259
2024-01-09 04:00:00,SOLUSDT,C,TRENDING,24,OPEN,-3.016,101.7643,98.7769
2024-02-03 22:00:00,SOLUSDT,B,RANGING,4,OPEN,-0.593,97.9743,97.472
2024-02-03 22:00:00,SOLUSDT,B,RANGING,12,STOP,-2.052,97.9743,96.0421
2024-02-03 22:00:00,SOLUSDT,B,RANGING,24,STOP,-2.052,97.9743,96.0421
2024-02-16 23:00:00,SOLUSDT,B,RANGING,4,OPEN,-0.529,109.9809,109.4873
2024-02-16 23:00:00,SOLUSDT,B,RANGING,12,STOP,-2.45,109.9809,107.374
2024-02-16 23:00:00,SOLUSDT,B,RANGING,24,STOP,-2.45,109.9809,107.374
2024-03-02 08:00:00,SOLUSDT,A,RANGING,4,TARGET,1.13,128.4987,130.0534
2024-03-02 08:00:00,SOLUSDT,A,RANGING,12,TARGET,1.13,128.4987,130.0534
2024-03-02 08:00:00,SOLUSDT,A,RANGING,24,TARGET,1.13,128.4987,130.0534
2024-03-12 02:00:00,SOLUSDT,B,TRENDING,4,OPEN,-2.783,154.1602,149.9939
2024-03-12 02:00:00,SOLUSDT,B,TRENDING,12,OPEN,-5.153,154.1602,146.3398
2024-03-12 02:00:00,SOLUSDT,B,TRENDING,24,STOP,-6.245,154.1602,144.6567
2024-03-29 14:00:00,SOLUSDT,A,RANGING,4,TARGET,1.671,185.138,188.3803
2024-03-29 14:00:00,SOLUSDT,A,RANGING,12,TARGET,1.671,185.138,188.3803
2024-03-29 14:00:00,SOLUSDT,A,RANGING,24,TARGET,1.671,185.138,188.3803
2024-03-29 20:00:00,SOLUSDT,A,RANGING,4,OPEN,-0.374,192.5529,191.9873
2024-03-29 20:00:00,SOLUSDT,A,RANGING,12,OPEN,1.707,192.5529,195.9941
2024-03-29 20:00:00,SOLUSDT,A,RANGING,24,OPEN,1.806,192.5529,196.1849
2024-05-27 11:00:00,SOLUSDT,A,RANGING,4,OPEN,1.54,168.4086,171.137
2024-05-27 11:00:00,SOLUSDT,A,RANGING,12,OPEN,-0.246,168.4086,168.1284
2024-05-27 11:00:00,SOLUSDT,A,RANGING,24,OPEN,0.714,168.4086,169.7451
2024-06-01 21:00:00,SOLUSDT,B,RANGING,4,STOP,-0.359,166.414,165.9495
2024-06-01 21:00:00,SOLUSDT,B,RANGING,12,STOP,-0.359,166.414,165.9495
2024-06-01 21:00:00,SOLUSDT,B,RANGING,24,STOP,-0.359,166.414,165.9495
2024-07-08 20:00:00,SOLUSDT,A,RANGING,4,OPEN,-0.597,140.3332,139.6082
2024-07-08 20:00:00,SOLUSDT,A,RANGING,12,OPEN,0.566,140.3332,141.2399
2024-07-08 20:00:00,SOLUSDT,A,RANGING,24,OPEN,0.496,140.3332,141.142
2024-07-17 21:00:00,SOLUSDT,A,RANGING,4,TARGET,1.363,155.5914,157.8364
2024-07-17 21:00:00,SOLUSDT,A,RANGING,12,TARGET,1.363,155.5914,157.8364
2024-07-17 21:00:00,SOLUSDT,A,RANGING,24,TARGET,1.363,155.5914,157.8364
2024-10-19 21:00:00,SOLUSDT,B,RANGING,4,OPEN,-0.703,159.8278,158.8328
2024-10-19 21:00:00,SOLUSDT,B,RANGING,12,OPEN,-0.584,159.8278,159.0227
2024-10-19 21:00:00,SOLUSDT,B,RANGING,24,OPEN,4.586,159.8278,167.2861
2024-10-27 08:00:00,SOLUSDT,A,RANGING,4,OPEN,1.353,173.7089,176.1989
2024-10-27 08:00:00,SOLUSDT,A,RANGING,12,OPEN,2.13,173.7089,177.5478
2024-10-27 08:00:00,SOLUSDT,A,RANGING,24,OPEN,1.825,173.7089,177.0183
2024-12-11 00:00:00,SOLUSDT,C,TRENDING,4,OPEN,1.513,216.0727,219.5142
2024-12-11 00:00:00,SOLUSDT,C,TRENDING,12,OPEN,5.013,216.0727,227.0782
2024-12-11 00:00:00,SOLUSDT,C,TRENDING,24,OPEN,5.878,216.0727,228.9467
2024-12-25 01:00:00,SOLUSDT,B,TRENDING,4,OPEN,-1.114,199.9398,197.8716
2024-12-25 01:00:00,SOLUSDT,B,TRENDING,12,OPEN,-1.044,199.9398,198.0115
2024-12-25 01:00:00,SOLUSDT,B,TRENDING,24,OPEN,-1.879,199.9398,196.3428
2023-06-13 20:00:00,BNBUSDT,A,RANGING,4,OPEN,3.084,241.3729,249.0106
2023-06-13 20:00:00,BNBUSDT,A,RANGING,12,OPEN,2.848,241.3729,248.4411
2023-06-13 20:00:00,BNBUSDT,A,RANGING,24,STOP,-3.651,241.3729,232.753
2023-08-08 06:00:00,BNBUSDT,A,RANGING,4,OPEN,0.282,243.2845,244.1645
2023-08-08 06:00:00,BNBUSDT,A,RANGING,12,TARGET,1.557,243.2845,247.2674
2023-08-08 06:00:00,BNBUSDT,A,RANGING,24,TARGET,1.557,243.2845,247.2674
2023-08-11 23:00:00,BNBUSDT,A,RANGING,4,OPEN,-0.373,240.3221,239.6182
2023-08-11 23:00:00,BNBUSDT,A,RANGING,12,OPEN,-0.082,240.3221,240.3176
2023-08-11 23:00:00,BNBUSDT,A,RANGING,24,OPEN,-0.182,240.3221,240.0778
2023-10-11 00:00:00,BNBUSDT,A,RANGING,4,STOP,-0.262,206.3049,205.9295
2023-10-11 00:00:00,BNBUSDT,A,RANGING,12,STOP,-0.262,206.3049,205.9295
2023-10-11 00:00:00,BNBUSDT,A,RANGING,24,STOP,-0.262,206.3049,205.9295
2023-12-12 23:00:00,BNBUSDT,C,TRENDING,4,STOP,-0.879,249.0791,247.0896
2023-12-12 23:00:00,BNBUSDT,C,TRENDING,12,STOP,-0.879,249.0791,247.0896
2023-12-12 23:00:00,BNBUSDT,C,TRENDING,24,STOP,-0.879,249.0791,247.0896
2023-12-28 11:00:00,BNBUSDT,B,TRENDING,4,OPEN,-0.908,334.8877,332.1141
2023-12-28 11:00:00,BNBUSDT,B,TRENDING,12,STOP,-4.996,334.8877,318.4237
2023-12-28 11:00:00,BNBUSDT,B,TRENDING,24,STOP,-4.996,334.8877,318.4237
2024-01-15 04:00:00,BNBUSDT,C,TRENDING,4,OPEN,-1.513,317.754,313.1992
2024-01-15 04:00:00,BNBUSDT,C,TRENDING,12,OPEN,-0.315,317.754,317.0062
2024-01-15 04:00:00,BNBUSDT,C,TRENDING,24,OPEN,-0.847,317.754,315.3175
2024-03-12 02:00:00,BNBUSDT,C,TRENDING,4,OPEN,-2.748,541.713,527.2579
2024-03-12 02:00:00,BNBUSDT,C,TRENDING,12,OPEN,-1.013,541.713,536.6603
2024-03-12 02:00:00,BNBUSDT,C,TRENDING,24,OPEN,-0.535,541.713,539.2483
2024-03-15 13:00:00,BNBUSDT,C,TRENDING,4,OPEN,-0.175,597.5276,596.962
2024-03-15 13:00:00,BNBUSDT,C,TRENDING,12,OPEN,2.362,597.5276,612.1199
2024-03-15 13:00:00,BNBUSDT,C,TRENDING,24,OPEN,0.538,597.5276,601.2186
2024-03-21 10:00:00,BNBUSDT,B,RANGING,4,OPEN,0.47,559.9176,562.9992
2024-03-21 10:00:00,BNBUSDT,B,RANGING,12,OPEN,0.599,559.9176,563.7187
2024-03-21 10:00:00,BNBUSDT,B,RANGING,24,OPEN,0.269,559.9176,561.8701
2024-04-12 04:00:00,BNBUSDT,A,RANGING,4,OPEN,-0.635,625.3999,621.9321
2024-04-12 04:00:00,BNBUSDT,A,RANGING,12,STOP,-4.976,625.3999,594.7826
2024-04-12 04:00:00,BNBUSDT,A,RANGING,24,STOP,-4.976,625.3999,594.7826
2024-04-22 00:00:00,BNBUSDT,B,RANGING,4,OPEN,3.182,583.4364,602.4676
2024-04-22 00:00:00,BNBUSDT,B,RANGING,12,OPEN,1.771,583.4364,594.2342
2024-04-22 00:00:00,BNBUSDT,B,RANGING,24,OPEN,2.713,583.4364,599.7298
2024-04-23 17:00:00,BNBUSDT,C,RANGING,4,OPEN,-0.709,609.0869,605.2554
2024-04-23 17:00:00,BNBUSDT,C,RANGING,12,OPEN,-0.402,609.0869,607.1239
2024-04-23 17:00:00,BNBUSDT,C,RANGING,24,STOP,-2.388,609.0869,595.0311
2024-05-08 19:00:00,BNBUSDT,B,TRENDING,4,OPEN,-0.005,587.5497,587.9892
2024-05-08 19:00:00,BNBUSDT,B,TRENDING,12,OPEN,1.32,587.5497,595.773
2024-05-08 19:00:00,BNBUSDT,B,TRENDING,24,TARGET,2.608,587.5497,603.343
2024-09-08 04:00:00,BNBUSDT,B,RANGING,4,OPEN,0.981,497.8079,503.0872
2024-09-08 04:00:00,BNBUSDT,B,RANGING,12,OPEN,-0.469,497.8079,495.873
2024-09-08 04:00:00,BNBUSDT,B,RANGING,24,OPEN,1.492,497.8079,505.6352
2024-09-13 11:00:00,BNBUSDT,B,RANGING,4,OPEN,-0.207,552.902,552.1979
2024-09-13 11:00:00,BNBUSDT,B,RANGING,12,OPEN,0.366,552.902,555.3654
2024-09-13 11:00:00,BNBUSDT,B,RANGING,24,OPEN,-0.253,552.902,551.9481
2024-09-21 00:00:00,BNBUSDT,A,RANGING,4,TARGET,1.741,569.155,579.5219
2024-09-21 00:00:00,BNBUSDT,A,RANGING,12,TARGET,1.741,569.155,579.5219
2024-09-21 00:00:00,BNBUSDT,A,RANGING,24,TARGET,1.741,569.155,579.5219
2024-09-22 20:00:00,BNBUSDT,A,RANGING,4,OPEN,1.025,588.7406,595.2434
2024-09-22 20:00:00,BNBUSDT,A,RANGING,12,OPEN,0.38,588.7406,591.4465
2024-09-22 20:00:00,BNBUSDT,A,RANGING,24,TARGET,3.288,588.7406,608.5676
2024-09-27 02:00:00,BNBUSDT,C,TRENDING,4,OPEN,0.253,604.3831,606.3945
2024-09-27 02:00:00,BNBUSDT,C,TRENDING,12,OPEN,1.074,604.3831,611.3605
2024-09-27 02:00:00,BNBUSDT,C,TRENDING,24,OPEN,0.942,604.3831,610.5612
2024-10-06 08:00:00,BNBUSDT,A,RANGING,4,OPEN,0.994,561.9492,567.9852
2024-10-06 08:00:00,BNBUSDT,A,RANGING,12,OPEN,0.756,561.9492,566.6463
2024-10-06 08:00:00,BNBUSDT,A,RANGING,24,TARGET,1.438,561.9492,570.4783
2024-11-30 06:00:00,BNBUSDT,B,RANGING,4,OPEN,-1.241,669.6953,661.92
2024-11-30 06:00:00,BNBUSDT,B,RANGING,12,OPEN,-1.962,669.6953,657.0939
2024-11-30 06:00:00,BNBUSDT,B,RANGING,24,OPEN,-1.992,669.6953,656.8941
2024-12-02 00:00:00,BNBUSDT,C,RANGING,4,STOP,-2.399,663.5204,648.1315
2024-12-02 00:00:00,BNBUSDT,C,RANGING,12,STOP,-2.399,663.5204,648.1315
2024-12-02 00:00:00,BNBUSDT,C,RANGING,24,STOP,-2.399,663.5204,648.1315
2024-12-04 23:00:00,BNBUSDT,B,RANGING,4,STOP,1.86,703.8326,717.4872
2024-12-04 23:00:00,BNBUSDT,B,RANGING,12,STOP,1.86,703.8326,717.4872
2024-12-04 23:00:00,BNBUSDT,B,RANGING,24,STOP,1.86,703.8326,717.4872
2024-12-21 03:00:00,BNBUSDT,C,TRENDING,4,OPEN,-1.818,693.3342,681.2845
2024-12-21 03:00:00,BNBUSDT,C,TRENDING,12,STOP,-4.797,693.3342,660.6287
2024-12-21 03:00:00,BNBUSDT,C,TRENDING,24,STOP,-4.797,693.3342,660.6287
2023-03-18 22:00:00,AVAXUSDT,C,TRENDING,4,OPEN,0.243,17.1857,17.2412
2023-03-18 22:00:00,AVAXUSDT,C,TRENDING,12,OPEN,2.388,17.1857,17.6099
2023-03-18 22:00:00,AVAXUSDT,C,TRENDING,24,TARGET,3.52,17.1857,17.8044
2023-04-14 23:00:00,AVAXUSDT,A,TRENDING,4,OPEN,-0.276,19.1473,19.1097
2023-04-14 23:00:00,AVAXUSDT,A,TRENDING,12,OPEN,-0.266,19.1473,19.1117
2023-04-14 23:00:00,AVAXUSDT,A,TRENDING,24,OPEN,-0.777,19.1473,19.0138
2023-05-25 14:00:00,AVAXUSDT,C,TRENDING,4,OPEN,-0.162,14.0903,14.0787
2023-05-25 14:00:00,AVAXUSDT,C,TRENDING,12,OPEN,-0.396,14.0903,14.0458
2023-05-25 14:00:00,AVAXUSDT,C,TRENDING,24,OPEN,0.682,14.0903,14.1976
2023-06-24 12:00:00,AVAXUSDT,C,RANGING,4,STOP,-0.868,13.1255,13.0221
2023-06-24 12:00:00,AVAXUSDT,C,RANGING,12,STOP,-0.868,13.1255,13.0221
2023-06-24 12:00:00,AVAXUSDT,C,RANGING,24,STOP,-0.868,13.1255,13.0221
2023-07-03 03:00:00,AVAXUSDT,B,RANGING,4,OPEN,-0.481,13.2646,13.2114
2023-07-03 03:00:00,AVAXUSDT,B,RANGING,12,OPEN,-0.677,13.2646,13.1854
2023-07-03 03:00:00,AVAXUSDT,B,RANGING,24,OPEN,-0.097,13.2646,13.2624
2023-07-08 00:00:00,AVAXUSDT,A,RANGING,4,TARGET,5.675,13.0194,13.7687
2023-07-08 00:00:00,AVAXUSDT,A,RANGING,12,TARGET,5.675,13.0194,13.7687
2023-07-08 00:00:00,AVAXUSDT,A,RANGING,24,TARGET,5.675,13.0194,13.7687
2023-07-29 00:00:00,AVAXUSDT,B,RANGING,4,OPEN,-0.684,13.2636,13.1834
2023-07-29 00:00:00,AVAXUSDT,B,RANGING,12,OPEN,-0.722,13.2636,13.1784
2023-07-29 00:00:00,AVAXUSDT,B,RANGING,24,OPEN,0.182,13.2636,13.2984
2023-08-15 14:00:00,AVAXUSDT,B,RANGING,4,STOP,-0.447,12.2288,12.1839
2023-08-15 14:00:00,AVAXUSDT,B,RANGING,12,STOP,-0.447,12.2288,12.1839
2023-08-15 14:00:00,AVAXUSDT,B,RANGING,24,STOP,-0.447,12.2288,12.1839
2023-08-20 10:00:00,AVAXUSDT,A,RANGING,4,OPEN,-0.726,10.8907,10.8203
2023-08-20 10:00:00,AVAXUSDT,A,RANGING,12,OPEN,-0.717,10.8907,10.8213
2023-08-20 10:00:00,AVAXUSDT,A,RANGING,24,STOP,-2.135,10.8907,10.6669
2023-08-29 01:00:00,AVAXUSDT,C,RANGING,4,OPEN,-1.066,10.5214,10.4177
2023-08-29 01:00:00,AVAXUSDT,C,RANGING,12,TARGET,4.393,10.5214,10.992
2023-08-29 01:00:00,AVAXUSDT,C,RANGING,24,TARGET,4.393,10.5214,10.992
2023-09-06 22:00:00,AVAXUSDT,C,TRENDING,4,OPEN,-0.039,9.951,9.955
2023-09-06 22:00:00,AVAXUSDT,C,TRENDING,12,OPEN,-0.993,9.951,9.8601
2023-09-06 22:00:00,AVAXUSDT,C,TRENDING,24,OPEN,1.558,9.951,10.1139
2023-09-12 00:00:00,AVAXUSDT,C,TRENDING,4,OPEN,0.517,9.2444,9.2996
2023-09-12 00:00:00,AVAXUSDT,C,TRENDING,12,TARGET,3.3,9.2444,9.5568
2023-09-12 00:00:00,AVAXUSDT,C,TRENDING,24,TARGET,3.3,9.2444,9.5568
2023-09-15 07:00:00,AVAXUSDT,C,TRENDING,4,STOP,-1.047,9.3445,9.2541
2023-09-15 07:00:00,AVAXUSDT,C,TRENDING,12,STOP,-1.047,9.3445,9.2541
2023-09-15 07:00:00,AVAXUSDT,C,TRENDING,24,STOP,-1.047,9.3445,9.2541
2023-09-21 00:00:00,AVAXUSDT,B,RANGING,4,OPEN,-0.417,9.0292,8.9988
2023-09-21 00:00:00,AVAXUSDT,B,RANGING,12,STOP,-2.985,9.0292,8.7669
2023-09-21 00:00:00,AVAXUSDT,B,RANGING,24,STOP,-2.985,9.0292,8.7669
2023-10-04 05:00:00,AVAXUSDT,C,TRENDING,4,OPEN,0.778,9.6207,9.7032
2023-10-04 05:00:00,AVAXUSDT,C,TRENDING,12,OPEN,3.904,9.6207,10.004
2023-10-04 05:00:00,AVAXUSDT,C,TRENDING,24,OPEN,3.925,9.6207,10.006
2023-10-12 21:00:00,AVAXUSDT,A,RANGING,4,OPEN,-0.185,9.1153,9.1057
2023-10-12 21:00:00,AVAXUSDT,A,RANGING,12,OPEN,0.001,9.1153,9.1227
2023-10-12 21:00:00,AVAXUSDT,A,RANGING,24,OPEN,0.177,9.1153,9.1387
2023-10-21 00:00:00,AVAXUSDT,B,TRENDING,4,OPEN,1.776,9.2184,9.3895
2023-10-21 00:00:00,AVAXUSDT,B,TRENDING,12,TARGET,3.922,9.2184,9.5873
2023-10-21 00:00:00,AVAXUSDT,B,TRENDING,24,TARGET,3.922,9.2184,9.5873
2023-10-26 21:00:00,AVAXUSDT,A,RANGING,4,OPEN,-2.977,11.0598,10.7394
2023-10-26 21:00:00,AVAXUSDT,A,RANGING,12,OPEN,-3.266,11.0598,10.7074
2023-10-26 21:00:00,AVAXUSDT,A,RANGING,24,OPEN,-4.351,11.0598,10.5875
2023-10-31 00:00:00,AVAXUSDT,B,RANGING,4,OPEN,0.792,11.5232,11.6237
2023-10-31 00:00:00,AVAXUSDT,B,RANGING,12,STOP,-2.404,11.5232,11.2554
2023-10-31 00:00:00,AVAXUSDT,B,RANGING,24,STOP,-2.404,11.5232,11.2554
2023-11-10 08:00:00,AVAXUSDT,B,RANGING,4,OPEN,-2.065,13.3547,13.0895
2023-11-10 08:00:00,AVAXUSDT,B,RANGING,12,OPEN,9.599,13.3547,14.6473
2023-11-10 08:00:00,AVAXUSDT,B,RANGING,24,OPEN,7.055,13.3547,14.3075
2023-11-30 06:00:00,AVAXUSDT,C,RANGING,4,OPEN,0.537,20.9738,21.1031
2023-11-30 06:00:00,AVAXUSDT,C,RANGING,12,TARGET,1.369,20.9738,21.2778
2023-11-30 06:00:00,AVAXUSDT,C,RANGING,24,TARGET,1.369,20.9738,21.2778
2023-11-30 20:00:00,AVAXUSDT,A,RANGING,4,OPEN,2.877,21.3831,22.0154
2023-11-30 20:00:00,AVAXUSDT,A,RANGING,12,TARGET,4.331,21.3831,22.3262
2023-11-30 20:00:00,AVAXUSDT,A,RANGING,24,TARGET,4.331,21.3831,22.3262
2023-12-04 20:00:00,AVAXUSDT,B,TRENDING,4,OPEN,2.875,22.1957,22.8517
2023-12-04 20:00:00,AVAXUSDT,B,TRENDING,12,OPEN,-0.951,22.1957,22.0024
2023-12-04 20:00:00,AVAXUSDT,B,TRENDING,24,OPEN,10.686,22.1957,24.5853
2023-12-09 06:00:00,AVAXUSDT,B,TRENDING,4,OPEN,2.877,32.6341,33.5991
2023-12-09 06:00:00,AVAXUSDT,B,TRENDING,12,OPEN,-0.892,32.6341,32.3691
2023-12-09 06:00:00,AVAXUSDT,B,TRENDING,24,OPEN,-0.8,32.6341,32.3991
2023-12-21 01:00:00,AVAXUSDT,A,RANGING,4,OPEN,1.228,44.2524,44.8311
2023-12-21 01:00:00,AVAXUSDT,A,RANGING,12,OPEN,0.937,44.2524,44.7022
2023-12-21 01:00:00,AVAXUSDT,A,RANGING,24,TARGET,7.273,44.2524,47.5061
2023-12-24 04:00:00,AVAXUSDT,A,RANGING,4,OPEN,-0.679,47.2978,47.0144
2023-12-24 04:00:00,AVAXUSDT,A,RANGING,12,OPEN,3.987,47.2978,49.2216
2023-12-24 04:00:00,AVAXUSDT,A,RANGING,24,OPEN,0.261,47.2978,47.459
2024-01-01 09:00:00,AVAXUSDT,A,RANGING,4,OPEN,1.319,39.6037,40.1578
2024-01-01 09:00:00,AVAXUSDT,A,RANGING,12,OPEN,5.833,39.6037,41.9454
2024-01-01 09:00:00,AVAXUSDT,A,RANGING,24,TARGET,6.142,39.6037,42.0679
2024-01-09 04:00:00,AVAXUSDT,B,TRENDING,4,OPEN,-1.609,36.8625,36.2989
2024-01-09 04:00:00,AVAXUSDT,B,TRENDING,12,STOP,-5.683,36.8625,34.7971
2024-01-09 04:00:00,AVAXUSDT,B,TRENDING,24,STOP,-5.683,36.8625,34.7971
2024-01-26 06:00:00,AVAXUSDT,A,RANGING,4,TARGET,4.158,30.8917,32.201
2024-01-26 06:00:00,AVAXUSDT,A,RANGING,12,TARGET,4.158,30.8917,32.201
2024-01-26 06:00:00,AVAXUSDT,A,RANGING,24,TARGET,4.158,30.8917,32.201
2024-03-01 22:00:00,AVAXUSDT,B,RANGING,4,OPEN,0.682,43.1205,43.4492
2024-03-01 22:00:00,AVAXUSDT,B,RANGING,12,OPEN,-0.701,43.1205,42.8527
2024-03-01 22:00:00,AVAXUSDT,B,RANGING,24,OPEN,2.256,43.1205,44.1277
2024-03-06 08:00:00,AVAXUSDT,C,TRENDING,4,OPEN,-3.445,40.8446,39.4704
2024-03-06 08:00:00,AVAXUSDT,C,TRENDING,12,OPEN,1.255,40.8446,41.3899
2024-03-06 08:00:00,AVAXUSDT,C,TRENDING,24,OPEN,4.871,40.8446,42.8667
2024-03-07 11:00:00,AVAXUSDT,B,RANGING,4,OPEN,0.499,43.5448,43.7969
2024-03-07 11:00:00,AVAXUSDT,B,RANGING,12,OPEN,-0.692,43.5448,43.2783
2024-03-07 11:00:00,AVAXUSDT,B,RANGING,24,OPEN,-0.157,43.5448,43.5112
2024-03-10 07:00:00,AVAXUSDT,B,TRENDING,4,STOP,-1.332,43.0594,42.5202
2024-03-10 07:00:00,AVAXUSDT,B,TRENDING,12,STOP,-1.332,43.0594,42.5202
2024-03-10 07:00:00,AVAXUSDT,B,TRENDING,24,STOP,-1.332,43.0594,42.5202
2024-03-12 00:00:00,AVAXUSDT,C,TRENDING,4,OPEN,-5.137,50.6595,48.0975
2024-03-12 00:00:00,AVAXUSDT,C,TRENDING,12,OPEN,-2.66,50.6595,49.3525
2024-03-12 00:00:00,AVAXUSDT,C,TRENDING,24,OPEN,6.255,50.6595,53.8689
2024-03-12 02:00:00,AVAXUSDT,C,TRENDING,4,OPEN,-3.177,48.6209,47.1153
2024-03-12 02:00:00,AVAXUSDT,C,TRENDING,12,OPEN,8.539,48.6209,52.8117
2024-03-12 02:00:00,AVAXUSDT,C,TRENDING,24,OPEN,9.945,48.6209,53.4952
2024-03-15 01:00:00,AVAXUSDT,B,TRENDING,4,OPEN,-1.032,54.2734,53.757
2024-03-15 01:00:00,AVAXUSDT,B,TRENDING,12,STOP,-7.532,54.2734,50.2292
2024-03-15 01:00:00,AVAXUSDT,B,TRENDING,24,STOP,-7.532,54.2734,50.2292
2024-03-25 07:00:00,AVAXUSDT,C,TRENDING,4,OPEN,1.185,57.5,58.2274
2024-03-25 07:00:00,AVAXUSDT,C,TRENDING,12,OPEN,0.535,57.5,57.8537
2024-03-25 07:00:00,AVAXUSDT,C,TRENDING,24,OPEN,1.385,57.5,58.3423
2024-03-28 22:00:00,AVAXUSDT,B,RANGING,4,OPEN,-0.937,54.4605,53.9938
2024-03-28 22:00:00,AVAXUSDT,B,RANGING,12,STOP,-1.94,54.4605,53.4474
2024-03-28 22:00:00,AVAXUSDT,B,RANGING,24,STOP,-1.94,54.4605,53.4474
2024-05-18 00:00:00,AVAXUSDT,B,TRENDING,4,OPEN,0.151,37.3168,37.4031
2024-05-18 00:00:00,AVAXUSDT,B,TRENDING,12,OPEN,-0.588,37.3168,37.1273
2024-05-18 00:00:00,AVAXUSDT,B,TRENDING,24,OPEN,0.853,37.3168,37.6648
2024-05-28 00:00:00,AVAXUSDT,B,RANGING,4,STOP,-0.744,37.7362,37.4855
2024-05-28 00:00:00,AVAXUSDT,B,RANGING,12,STOP,-0.744,37.7362,37.4855
2024-05-28 00:00:00,AVAXUSDT,B,RANGING,24,STOP,-0.744,37.7362,37.4855
2024-06-13 00:00:00,AVAXUSDT,C,TRENDING,4,STOP,-1.535,32.7091,32.2331
2024-06-13 00:00:00,AVAXUSDT,C,TRENDING,12,STOP,-1.535,32.7091,32.2331
2024-06-13 00:00:00,AVAXUSDT,C,TRENDING,24,STOP,-1.535,32.7091,32.2331
2024-06-19 00:00:00,AVAXUSDT,C,TRENDING,4,OPEN,1.453,26.9115,27.3241
2024-06-19 00:00:00,AVAXUSDT,C,TRENDING,12,OPEN,0.544,26.9115,27.0793
2024-06-19 00:00:00,AVAXUSDT,C,TRENDING,24,OPEN,-0.099,26.9115,26.9065
2024-06-19 01:00:00,AVAXUSDT,C,TRENDING,4,OPEN,0.996,27.0126,27.3031
2024-06-19 01:00:00,AVAXUSDT,C,TRENDING,12,OPEN,0.282,27.0126,27.1103
2024-06-19 01:00:00,AVAXUSDT,C,TRENDING,24,OPEN,-0.636,27.0126,26.8625
2024-06-26 05:00:00,AVAXUSDT,C,TRENDING,4,OPEN,-0.129,26.0368,26.0242
2024-06-26 05:00:00,AVAXUSDT,C,TRENDING,12,OPEN,1.637,26.0368,26.4838
2024-06-26 05:00:00,AVAXUSDT,C,TRENDING,24,OPEN,-0.125,26.0368,26.0252
2024-07-02 12:00:00,AVAXUSDT,B,RANGING,4,TARGET,1.484,28.2836,28.7261
2024-07-02 12:00:00,AVAXUSDT,B,RANGING,12,TARGET,1.484,28.2836,28.7261
2024-07-02 12:00:00,AVAXUSDT,B,RANGING,24,TARGET,1.484,28.2836,28.7261
2024-07-16 19:00:00,AVAXUSDT,C,TRENDING,4,OPEN,1.291,28.2025,28.5891
2024-07-16 19:00:00,AVAXUSDT,C,TRENDING,12,OPEN,2.045,28.2025,28.8019
2024-07-16 19:00:00,AVAXUSDT,C,TRENDING,24,OPEN,-2.334,28.2025,27.5669
2024-09-12 12:00:00,AVAXUSDT,A,RANGING,4,TARGET,1.199,23.5548,23.8561
2024-09-12 12:00:00,AVAXUSDT,A,RANGING,12,TARGET,1.199,23.5548,23.8561
2024-09-12 12:00:00,AVAXUSDT,A,RANGING,24,TARGET,1.199,23.5548,23.8561
2024-09-15 00:00:00,AVAXUSDT,A,RANGING,4,STOP,-0.529,25.1301,25.0172
2024-09-15 00:00:00,AVAXUSDT,A,RANGING,12,STOP,-0.529,25.1301,25.0172
2024-09-15 00:00:00,AVAXUSDT,A,RANGING,24,STOP,-0.529,25.1301,25.0172
2024-10-13 00:00:00,AVAXUSDT,B,TRENDING,4,OPEN,-0.478,29.0122,28.8969
2024-10-13 00:00:00,AVAXUSDT,B,TRENDING,12,OPEN,-1.955,29.0122,28.4682
2024-10-13 00:00:00,AVAXUSDT,B,TRENDING,24,OPEN,-0.422,29.0122,28.9129
2024-12-02 21:00:00,AVAXUSDT,A,RANGING,4,OPEN,-0.711,52.3538,52.0233
2024-12-02 21:00:00,AVAXUSDT,A,RANGING,12,OPEN,-1.175,52.3538,51.7805
2024-12-02 21:00:00,AVAXUSDT,A,RANGING,24,OPEN,-2.876,52.3538,50.8903
2024-12-04 06:00:00,AVAXUSDT,A,RANGING,4,OPEN,-0.132,54.4505,54.4224
2024-12-04 06:00:00,AVAXUSDT,A,RANGING,12,OPEN,-0.858,54.4505,54.0267
2024-12-04 06:00:00,AVAXUSDT,A,RANGING,24,OPEN,-4.183,54.4505,52.2162
2023-05-11 08:00:00,MATICUSDT,B,TRENDING,4,OPEN,-2.169,0.8599,0.8419
2023-05-11 08:00:00,MATICUSDT,B,TRENDING,12,OPEN,-2.82,0.8599,0.8363
2023-05-11 08:00:00,MATICUSDT,B,TRENDING,24,STOP,-4.319,0.8599,0.8234
2023-05-25 06:00:00,MATICUSDT,B,TRENDING,4,OPEN,0.692,0.879,0.8858
2023-05-25 06:00:00,MATICUSDT,B,TRENDING,12,OPEN,1.033,0.879,0.8888
2023-05-25 06:00:00,MATICUSDT,B,TRENDING,24,OPEN,1.931,0.879,0.8967
2023-07-08 00:00:00,MATICUSDT,B,RANGING,4,OPEN,-0.957,0.6823,0.6764
2023-07-08 00:00:00,MATICUSDT,B,RANGING,12,OPEN,-0.518,0.6823,0.6794
2023-07-08 00:00:00,MATICUSDT,B,RANGING,24,OPEN,0.229,0.6823,0.6845
2023-09-06 00:00:00,MATICUSDT,B,RANGING,4,OPEN,-1.862,0.5669,0.5568
2023-09-06 00:00:00,MATICUSDT,B,RANGING,12,STOP,-2.972,0.5669,0.5505
2023-09-06 00:00:00,MATICUSDT,B,RANGING,24,STOP,-2.972,0.5669,0.5505
2023-09-29 07:00:00,MATICUSDT,C,TRENDING,4,OPEN,-0.47,0.5216,0.5196
2023-09-29 07:00:00,MATICUSDT,C,TRENDING,12,OPEN,0.392,0.5216,0.5241
2023-09-29 07:00:00,MATICUSDT,C,TRENDING,24,OPEN,0.948,0.5216,0.527
2023-10-26 03:00:00,MATICUSDT,C,TRENDING,4,OPEN,1.557,0.6394,0.6499
2023-10-26 03:00:00,MATICUSDT,C,TRENDING,12,STOP,-3.131,0.6394,0.6199
2023-10-26 03:00:00,MATICUSDT,C,TRENDING,24,STOP,-3.131,0.6394,0.6199
2023-11-12 17:00:00,MATICUSDT,A,RANGING,4,OPEN,1.848,0.8806,0.8976
2023-11-12 17:00:00,MATICUSDT,A,RANGING,12,OPEN,0.657,0.8806,0.8871
2023-11-12 17:00:00,MATICUSDT,A,RANGING,24,OPEN,5.842,0.8806,0.9328
2023-12-11 00:00:00,MATICUSDT,B,RANGING,4,STOP,3.163,0.8603,0.8882
2023-12-11 00:00:00,MATICUSDT,B,RANGING,12,STOP,3.163,0.8603,0.8882
2023-12-11 00:00:00,MATICUSDT,B,RANGING,24,STOP,3.163,0.8603,0.8882
2023-12-12 00:00:00,MATICUSDT,C,TRENDING,4,OPEN,-0.739,0.8605,0.8548
2023-12-12 00:00:00,MATICUSDT,C,TRENDING,12,OPEN,2.919,0.8605,0.8863
2023-12-12 00:00:00,MATICUSDT,C,TRENDING,24,OPEN,-0.751,0.8605,0.8547
2023-12-24 17:00:00,MATICUSDT,A,RANGING,4,OPEN,-4.304,0.885,0.8476
2023-12-24 17:00:00,MATICUSDT,A,RANGING,12,OPEN,-2.825,0.885,0.8607
2023-12-24 17:00:00,MATICUSDT,A,RANGING,24,OPEN,2.978,0.885,0.9121
2024-01-14 16:00:00,MATICUSDT,B,RANGING,4,STOP,-1.244,0.8657,0.8556
2024-01-14 16:00:00,MATICUSDT,B,RANGING,12,STOP,-1.244,0.8657,0.8556
2024-01-14 16:00:00,MATICUSDT,B,RANGING,24,STOP,-1.244,0.8657,0.8556
2024-02-25 23:00:00,MATICUSDT,C,TRENDING,4,OPEN,0.272,0.9959,0.9994
2024-02-25 23:00:00,MATICUSDT,C,TRENDING,12,OPEN,2.068,0.9959,1.0173
2024-02-25 23:00:00,MATICUSDT,C,TRENDING,24,TARGET,5.168,0.9959,1.0482
2024-03-03 05:00:00,MATICUSDT,A,RANGING,4,STOP,1.073,1.0582,1.0704
2024-03-03 05:00:00,MATICUSDT,A,RANGING,12,STOP,1.073,1.0582,1.0704
2024-03-03 05:00:00,MATICUSDT,A,RANGING,24,STOP,1.073,1.0582,1.0704
2024-05-01 12:00:00,MATICUSDT,C,TRENDING,4,OPEN,2.771,0.6737,0.6929
2024-05-01 12:00:00,MATICUSDT,C,TRENDING,12,OPEN,0.813,0.6737,0.6798
2024-05-01 12:00:00,MATICUSDT,C,TRENDING,24,OPEN,5.574,0.6737,0.7118
2024-05-16 23:00:00,MATICUSDT,C,TRENDING,4,OPEN,-0.125,0.6963,0.6959
2024-05-16 23:00:00,MATICUSDT,C,TRENDING,12,OPEN,1.726,0.6963,0.7088
2024-05-16 23:00:00,MATICUSDT,C,TRENDING,24,OPEN,2.803,0.6963,0.7163
2024-05-28 00:00:00,MATICUSDT,A,RANGING,4,STOP,-1.506,0.7418,0.7312
2024-05-28 00:00:00,MATICUSDT,A,RANGING,12,STOP,-1.506,0.7418,0.7312
2024-05-28 00:00:00,MATICUSDT,A,RANGING,24,STOP,-1.506,0.7418,0.7312
2024-05-31 00:00:00,MATICUSDT,B,RANGING,4,OPEN,-0.898,0.6986,0.6928
2024-05-31 00:00:00,MATICUSDT,B,RANGING,12,OPEN,-0.34,0.6986,0.6967
2024-05-31 00:00:00,MATICUSDT,B,RANGING,24,STOP,-2.271,0.6986,0.6833
2024-06-08 00:00:00,MATICUSDT,C,TRENDING,4,OPEN,-0.419,0.6679,0.6657
2024-06-08 00:00:00,MATICUSDT,C,TRENDING,12,OPEN,-2.933,0.6679,0.6489
2024-06-08 00:00:00,MATICUSDT,C,TRENDING,24,OPEN,-3.681,0.6679,0.6439
2024-06-10 18:00:00,MATICUSDT,C,TRENDING,4,OPEN,-0.44,0.6494,0.6471
2024-06-10 18:00:00,MATICUSDT,C,TRENDING,12,STOP,-1.902,0.6494,0.6376
2024-06-10 18:00:00,MATICUSDT,C,TRENDING,24,STOP,-1.902,0.6494,0.6376
2024-06-13 21:00:00,MATICUSDT,C,TRENDING,4,OPEN,0.024,0.605,0.6056
2024-06-13 21:00:00,MATICUSDT,C,TRENDING,12,OPEN,0.586,0.605,0.609
2024-06-13 21:00:00,MATICUSDT,C,TRENDING,24,STOP,-1.512,0.605,0.5963
2024-06-19 00:00:00,MATICUSDT,C,TRENDING,4,OPEN,0.302,0.5713,0.5734
2024-06-19 00:00:00,MATICUSDT,C,TRENDING,12,OPEN,-0.257,0.5713,0.5702
2024-06-19 00:00:00,MATICUSDT,C,TRENDING,24,OPEN,0.897,0.5713,0.5768
2024-07-09 22:00:00,MATICUSDT,A,RANGING,4,TARGET,2.527,0.4947,0.5076
2024-07-09 22:00:00,MATICUSDT,A,RANGING,12,TARGET,2.527,0.4947,0.5076
2024-07-09 22:00:00,MATICUSDT,A,RANGING,24,TARGET,2.527,0.4947,0.5076
2024-07-25 12:00:00,MATICUSDT,B,TRENDING,4,STOP,-1.853,0.5018,0.4929
2024-07-25 12:00:00,MATICUSDT,B,TRENDING,12,STOP,-1.853,0.5018,0.4929
2024-07-25 12:00:00,MATICUSDT,B,TRENDING,24,STOP,-1.853,0.5018,0.4929
2024-07-30 05:00:00,MATICUSDT,B,TRENDING,4,OPEN,-1.46,0.5241,0.5169
2024-07-30 05:00:00,MATICUSDT,B,TRENDING,12,STOP,-4.072,0.5241,0.5032
2024-07-30 05:00:00,MATICUSDT,B,TRENDING,24,STOP,-4.072,0.5241,0.5032
2023-06-09 07:00:00,ARBUSDT,B,RANGING,4,OPEN,-0.301,1.142,1.1395
2023-06-09 07:00:00,ARBUSDT,B,RANGING,12,OPEN,-1.185,1.142,1.1294
2023-06-09 07:00:00,ARBUSDT,B,RANGING,24,STOP,-3.355,1.142,1.1046
2023-06-13 07:00:00,ARBUSDT,B,RANGING,4,OPEN,-2.012,1.0095,0.99
2023-06-13 07:00:00,ARBUSDT,B,RANGING,12,OPEN,-2.259,1.0095,0.9875
2023-06-13 07:00:00,ARBUSDT,B,RANGING,24,OPEN,-1.774,1.0095,0.9924
2023-06-30 00:00:00,ARBUSDT,B,RANGING,4,OPEN,0.208,1.1613,1.1647
2023-06-30 00:00:00,ARBUSDT,B,RANGING,12,STOP,-4.568,1.1613,1.1092
2023-06-30 00:00:00,ARBUSDT,B,RANGING,24,STOP,-4.568,1.1613,1.1092
2023-07-04 03:00:00,ARBUSDT,B,TRENDING,4,OPEN,-0.909,1.1803,1.1706
2023-07-04 03:00:00,ARBUSDT,B,TRENDING,12,OPEN,-1.781,1.1803,1.1603
2023-07-04 03:00:00,ARBUSDT,B,TRENDING,24,STOP,-2.678,1.1803,1.1497
2023-07-08 00:00:00,ARBUSDT,B,RANGING,4,OPEN,-1.065,1.1387,1.1275
2023-07-08 00:00:00,ARBUSDT,B,RANGING,12,OPEN,-0.933,1.1387,1.129
2023-07-08 00:00:00,ARBUSDT,B,RANGING,24,OPEN,-0.758,1.1387,1.131
2023-07-16 09:00:00,ARBUSDT,B,TRENDING,4,OPEN,-1.46,1.3018,1.2839
2023-07-16 09:00:00,ARBUSDT,B,TRENDING,12,OPEN,-2.55,1.3018,1.2697
2023-07-16 09:00:00,ARBUSDT,B,TRENDING,24,OPEN,-1.123,1.3018,1.2883
2023-07-17 04:00:00,ARBUSDT,A,RANGING,4,OPEN,-2.365,1.3214,1.2912
2023-07-17 04:00:00,ARBUSDT,A,RANGING,12,STOP,-5.42,1.3214,1.2508
2023-07-17 04:00:00,ARBUSDT,A,RANGING,24,STOP,-5.42,1.3214,1.2508
2023-08-12 07:00:00,ARBUSDT,B,RANGING,4,OPEN,0.096,1.1599,1.162
2023-08-12 07:00:00,ARBUSDT,B,RANGING,12,OPEN,0.079,1.1599,1.1618
2023-08-12 07:00:00,ARBUSDT,B,RANGING,24,OPEN,0.243,1.1599,1.1637
2023-08-16 00:00:00,ARBUSDT,A,RANGING,4,OPEN,-0.999,1.1313,1.1209
2023-08-16 00:00:00,ARBUSDT,A,RANGING,12,STOP,-2.448,1.1313,1.1045
2023-08-16 00:00:00,ARBUSDT,A,RANGING,24,STOP,-2.448,1.1313,1.1045
2023-09-12 00:00:00,ARBUSDT,C,TRENDING,4,OPEN,-0.227,0.7706,0.7695
2023-09-12 00:00:00,ARBUSDT,C,TRENDING,12,OPEN,1.083,0.7706,0.7796
2023-09-12 00:00:00,ARBUSDT,C,TRENDING,24,OPEN,1.498,0.7706,0.7828
2023-09-29 06:00:00,ARBUSDT,C,TRENDING,4,OPEN,-0.284,0.8983,0.8965
2023-09-29 06:00:00,ARBUSDT,C,TRENDING,12,OPEN,0.572,0.8983,0.9042
2023-09-29 06:00:00,ARBUSDT,C,TRENDING,24,OPEN,-0.429,0.8983,0.8952
2023-10-26 03:00:00,ARBUSDT,A,TRENDING,4,OPEN,2.119,0.953,0.9739
2023-10-26 03:00:00,ARBUSDT,A,TRENDING,12,OPEN,-1.949,0.953,0.9352
2023-10-26 03:00:00,ARBUSDT,A,TRENDING,24,OPEN,-4.025,0.953,0.9154
2023-11-03 16:00:00,ARBUSDT,B,TRENDING,4,OPEN,2.257,1.0363,1.0606
2023-11-03 16:00:00,ARBUSDT,B,TRENDING,12,OPEN,1.833,1.0363,1.0562
2023-11-03 16:00:00,ARBUSDT,B,TRENDING,24,OPEN,4.06,1.0363,1.0792
2023-11-25 03:00:00,ARBUSDT,C,TRENDING,4,OPEN,-0.651,1.0707,1.0645
2023-11-25 03:00:00,ARBUSDT,C,TRENDING,12,OPEN,-1.052,1.0707,1.0603
2023-11-25 03:00:00,ARBUSDT,C,TRENDING,24,OPEN,-0.296,1.0707,1.0683
2023-12-07 04:00:00,ARBUSDT,C,TRENDING,4,STOP,-2.967,1.0808,1.0496
2023-12-07 04:00:00,ARBUSDT,C,TRENDING,12,STOP,-2.967,1.0808,1.0496
2023-12-07 04:00:00,ARBUSDT,C,TRENDING,24,STOP,-2.967,1.0808,1.0496
2023-12-12 02:00:00,ARBUSDT,C,TRENDING,4,OPEN,2.671,1.1362,1.1675
2023-12-12 02:00:00,ARBUSDT,C,TRENDING,12,OPEN,0.226,1.1362,1.1397
2023-12-12 02:00:00,ARBUSDT,C,TRENDING,24,OPEN,-0.82,1.1362,1.1278
2023-12-19 12:00:00,ARBUSDT,B,TRENDING,4,STOP,-0.093,1.0917,1.0915
2023-12-19 12:00:00,ARBUSDT,B,TRENDING,12,STOP,-0.093,1.0917,1.0915
2023-12-19 12:00:00,ARBUSDT,B,TRENDING,24,STOP,-0.093,1.0917,1.0915
2024-03-10 07:00:00,ARBUSDT,B,TRENDING,4,STOP,-1.542,2.0866,2.0561
2024-03-10 07:00:00,ARBUSDT,B,TRENDING,12,STOP,-1.542,2.0866,2.0561
2024-03-10 07:00:00,ARBUSDT,B,TRENDING,24,STOP,-1.542,2.0866,2.0561
2024-03-13 00:00:00,ARBUSDT,B,TRENDING,4,OPEN,4.185,2.0709,2.1592
2024-03-13 00:00:00,ARBUSDT,B,TRENDING,12,OPEN,3.335,2.0709,2.1416
2024-03-13 00:00:00,ARBUSDT,B,TRENDING,24,OPEN,1.845,2.0709,2.1107
2024-03-15 00:00:00,ARBUSDT,C,TRENDING,4,STOP,-1.371,1.944,1.9189
2024-03-15 00:00:00,ARBUSDT,C,TRENDING,12,STOP,-1.371,1.944,1.9189
2024-03-15 00:00:00,ARBUSDT,C,TRENDING,24,STOP,-1.371,1.944,1.9189
2024-04-09 12:00:00,ARBUSDT,C,TRENDING,4,OPEN,-0.73,1.5291,1.5192
2024-04-09 12:00:00,ARBUSDT,C,TRENDING,12,STOP,-2.004,1.5291,1.4997
2024-04-09 12:00:00,ARBUSDT,C,TRENDING,24,STOP,-2.004,1.5291,1.4997
2024-04-22 00:00:00,ARBUSDT,C,RANGING,4,TARGET,3.384,1.1939,1.2352
2024-04-22 00:00:00,ARBUSDT,C,RANGING,12,TARGET,3.384,1.1939,1.2352
2024-04-22 00:00:00,ARBUSDT,C,RANGING,24,TARGET,3.384,1.1939,1.2352
2024-05-01 12:00:00,ARBUSDT,B,TRENDING,4,OPEN,2.391,1.0216,1.0469
2024-05-01 12:00:00,ARBUSDT,B,TRENDING,12,OPEN,-1.267,1.0216,1.0095
2024-05-01 12:00:00,ARBUSDT,B,TRENDING,24,OPEN,0.67,1.0216,1.0293
2024-05-18 00:00:00,ARBUSDT,B,TRENDING,4,OPEN,-0.464,1.0238,1.0199
2024-05-18 00:00:00,ARBUSDT,B,TRENDING,12,OPEN,-1.616,1.0238,1.0081
2024-05-18 00:00:00,ARBUSDT,B,TRENDING,24,OPEN,-0.103,1.0238,1.0236
2024-05-20 00:00:00,ARBUSDT,A,RANGING,4,TARGET,1.491,0.9696,0.9848
2024-05-20 00:00:00,ARBUSDT,A,RANGING,12,TARGET,1.491,0.9696,0.9848
2024-05-20 00:00:00,ARBUSDT,A,RANGING,24,TARGET,1.491,0.9696,0.9848
2024-05-28 00:00:00,ARBUSDT,B,RANGING,4,STOP,-0.116,1.2068,1.2063
2024-05-28 00:00:00,ARBUSDT,B,RANGING,12,STOP,-0.116,1.2068,1.2063
2024-05-28 00:00:00,ARBUSDT,B,RANGING,24,STOP,-0.116,1.2068,1.2063
2024-06-01 21:00:00,ARBUSDT,B,RANGING,4,OPEN,-0.539,1.135,1.1298
2024-06-01 21:00:00,ARBUSDT,B,RANGING,12,STOP,-1.631,1.135,1.1174
2024-06-01 21:00:00,ARBUSDT,B,RANGING,24,STOP,-1.631,1.135,1.1174
2024-06-03 00:00:00,ARBUSDT,A,RANGING,4,OPEN,0.451,1.1275,1.1335
2024-06-03 00:00:00,ARBUSDT,A,RANGING,12,OPEN,-0.949,1.1275,1.1177
2024-06-03 00:00:00,ARBUSDT,A,RANGING,24,OPEN,-1.986,1.1275,1.106
2024-06-05 00:00:00,ARBUSDT,C,TRENDING,4,OPEN,0.494,1.1165,1.1229
2024-06-05 00:00:00,ARBUSDT,C,TRENDING,12,OPEN,-0.723,1.1165,1.1093
2024-06-05 00:00:00,ARBUSDT,C,TRENDING,24,OPEN,0.333,1.1165,1.1211
2024-06-19 01:00:00,ARBUSDT,B,TRENDING,4,OPEN,-1.0,0.8278,0.8201
2024-06-19 01:00:00,ARBUSDT,B,TRENDING,12,OPEN,-2.654,0.8278,0.8065
2024-06-19 01:00:00,ARBUSDT,B,TRENDING,24,OPEN,-1.531,0.8278,0.8157
2024-06-22 16:00:00,ARBUSDT,B,RANGING,4,OPEN,0.008,0.8063,0.8071
2024-06-22 16:00:00,ARBUSDT,B,RANGING,12,OPEN,0.169,0.8063,0.8084
2024-06-22 16:00:00,ARBUSDT,B,RANGING,24,STOP,-2.532,0.8063,0.7866
2024-07-07 12:00:00,ARBUSDT,A,RANGING,4,STOP,0.975,0.6661,0.6732
2024-07-07 12:00:00,ARBUSDT,A,RANGING,12,STOP,0.975,0.6661,0.6732
2024-07-07 12:00:00,ARBUSDT,A,RANGING,24,STOP,0.975,0.6661,0.6732
2024-07-31 00:00:00,ARBUSDT,C,TRENDING,4,OPEN,1.027,0.678,0.6856
2024-07-31 00:00:00,ARBUSDT,C,TRENDING,12,OPEN,0.011,0.678,0.6787
2024-07-31 00:00:00,ARBUSDT,C,TRENDING,24,STOP,-2.716,0.678,0.6602
2024-09-08 04:00:00,ARBUSDT,A,RANGING,4,OPEN,0.332,0.5068,0.5089
2024-09-08 04:00:00,ARBUSDT,A,RANGING,12,OPEN,-0.851,0.5068,0.5029
2024-09-08 04:00:00,ARBUSDT,A,RANGING,24,OPEN,0.608,0.5068,0.5103
2024-12-04 06:00:00,ARBUSDT,A,RANGING,4,OPEN,0.9,1.1046,1.1154
2024-12-04 06:00:00,ARBUSDT,A,RANGING,12,OPEN,4.826,1.1046,1.1588
2024-12-04 06:00:00,ARBUSDT,A,RANGING,24,OPEN,3.469,1.1046,1.1438
