signal_time,coin,entry_time,entry_price,stop_price,target_price,stop_dist_pct,beta_4h,vol_zscore,regime,magnitude,confidence,tier
2023-08-11 23:00:00,ETHUSDT,2023-08-12 01:00:00,1848.28,1825.3474,1866.8292,1.241,0.033,1.476,RANGING,1.4353,73.8,B
2024-06-01 21:00:00,ETHUSDT,2024-06-01 23:00:00,3817.49,3773.1694,3834.2307,1.161,-0.099,2.321,RANGING,2.5602,89.8,A
2024-06-19 00:00:00,ETHUSDT,2024-06-19 02:00:00,3538.38,3368.4531,3629.9381,4.802,0.277,1.202,TRENDING,0.8893,20.3,C
2024-06-19 01:00:00,ETHUSDT,2024-06-19 03:00:00,3564.21,3368.4531,3647.5747,5.492,-0.968,2.165,TRENDING,4.3939,62.5,B
2024-08-12 23:00:00,ETHUSDT,2024-08-13 01:00:00,2731.68,2613.1287,2796.2046,4.34,-0.011,2.31,TRENDING,2.3944,64.6,B
2024-09-21 00:00:00,ETHUSDT,2024-09-21 02:00:00,2541.01,2502.7334,2591.4367,1.506,-0.22,1.93,RANGING,2.3898,83.9,A
2024-10-17 22:00:00,ETHUSDT,2024-10-18 00:00:00,2596.46,2560.8614,2639.9905,1.371,0.046,1.583,RANGING,1.528,74.2,B
2024-11-30 00:00:00,ETHUSDT,2024-11-30 02:00:00,3627.66,3543.4636,3634.3928,2.321,-0.059,1.006,TRENDING,1.0701,45.1,C
2023-02-12 18:00:00,SOLUSDT,2023-02-12 20:00:00,22.115,20.6492,22.4351,6.628,-1.489,2.086,TRENDING,5.4278,61.3,B
2023-02-19 12:00:00,SOLUSDT,2023-02-19 14:00:00,24.342,23.091,24.5605,5.139,-0.965,2.915,RANGING,5.8496,98.7,A
2023-04-10 10:00:00,SOLUSDT,2023-04-10 12:00:00,20.21,20.0094,20.3602,0.992,-0.6,1.384,TRENDING,2.2335,50.8,C
2023-04-14 23:00:00,SOLUSDT,2023-04-15 01:00:00,24.35,23.6064,24.9946,3.054,0.197,1.785,TRENDING,1.4903,37.1,C
2023-06-30 00:00:00,SOLUSDT,2023-06-30 02:00:00,18.468,17.3389,18.6598,6.114,-2.425,1.497,RANGING,5.2535,77.5,A
2023-07-06 00:00:00,SOLUSDT,2023-07-06 02:00:00,19.508,18.4354,19.5409,5.498,-1.678,4.46,TRENDING,12.2047,75.0,A
2023-07-08 00:00:00,SOLUSDT,2023-07-08 02:00:00,21.85,19.1627,22.0403,12.299,-1.185,2.412,RANGING,5.8581,91.2,A
2023-07-12 00:00:00,SOLUSDT,2023-07-12 02:00:00,21.968,21.6094,22.0939,1.632,-0.035,1.36,RANGING,1.4253,75.4,A
2023-07-17 05:00:00,SOLUSDT,2023-07-17 07:00:00,27.634,26.9247,27.8267,2.567,-2.675,1.633,RANGING,6.1674,79.5,A
2023-08-11 22:00:00,SOLUSDT,2023-08-12 00:00:00,24.75,24.2183,25.0041,2.148,-1.907,1.173,RANGING,3.4336,72.6,B
2023-08-26 12:00:00,SOLUSDT,2023-08-26 14:00:00,20.365,20.0851,20.4019,1.375,0.201,1.159,RANGING,0.9259,52.3,C
2023-09-30 12:00:00,SOLUSDT,2023-09-30 14:00:00,21.284,19.9547,21.2937,6.245,-0.678,1.245,RANGING,2.1107,73.7,B
2023-10-04 06:00:00,SOLUSDT,2023-10-04 08:00:00,23.478,22.6532,23.7951,3.513,-1.113,1.047,TRENDING,2.2105,45.7,C
2023-11-02 11:00:00,SOLUSDT,2023-11-02 13:00:00,43.316,40.9244,43.9231,5.521,-2.902,1.012,TRENDING,4.1347,45.2,C
2023-11-10 06:00:00,SOLUSDT,2023-11-10 08:00:00,47.29,42.8188,47.6248,9.455,-4.775,1.163,TRENDING,7.3095,47.4,C
2023-12-09 06:00:00,SOLUSDT,2023-12-09 08:00:00,75.767,71.3574,76.217,5.82,-6.449,2.414,TRENDING,18.741,66.2,B
2023-12-15 09:00:00,SOLUSDT,2023-12-15 11:00:00,79.182,73.7295,80.4403,6.886,0.022,2.695,RANGING,2.7315,93.2,A
2023-12-25 15:00:00,SOLUSDT,2023-12-25 17:00:00,123.785,109.0769,126.2752,11.882,-0.524,1.629,TRENDING,2.673,54.4,C
2024-01-09 04:00:00,SOLUSDT,2024-01-09 06:00:00,101.683,94.7807,103.5056,6.788,-0.322,1.507,TRENDING,2.0791,52.6,C
2024-02-03 22:00:00,SOLUSDT,2024-02-04 00:00:00,97.896,96.119,98.438,1.815,-0.076,1.065,RANGING,1.1596,71.0,B
2024-02-16 23:00:00,SOLUSDT,2024-02-17 01:00:00,109.893,107.46,111.4347,2.214,0.104,1.6,RANGING,1.4551,68.6,B
2024-03-02 08:00:00,SOLUSDT,2024-03-02 10:00:00,128.396,127.2217,129.0403,0.915,-2.798,2.204,RANGING,8.3714,88.1,A
2024-03-12 02:00:00,SOLUSDT,2024-03-12 04:00:00,154.037,144.7725,155.5649,6.014,0.181,2.923,TRENDING,2.4464,55.7,B
2024-03-29 14:00:00,SOLUSDT,2024-03-29 16:00:00,184.99,182.6293,187.0169,1.276,-0.412,1.933,RANGING,2.7789,84.0,A
2024-03-29 20:00:00,SOLUSDT,2024-03-29 22:00:00,192.399,183.3059,195.1913,4.726,-0.871,2.065,RANGING,3.9351,86.0,A
2024-05-27 11:00:00,SOLUSDT,2024-05-27 13:00:00,168.274,163.0158,168.7749,3.125,-3.386,1.989,RANGING,8.8479,84.8,A
2024-06-01 21:00:00,SOLUSDT,2024-06-01 23:00:00,166.281,166.0824,167.0102,0.119,0.163,1.119,RANGING,0.9369,55.5,B
2024-07-08 20:00:00,SOLUSDT,2024-07-08 22:00:00,140.221,132.8325,145.4017,5.269,0.015,3.679,RANGING,3.7242,98.5,A
2024-07-17 21:00:00,SOLUSDT,2024-07-17 23:00:00,155.467,153.8031,157.124,1.07,0.13,2.646,RANGING,2.3034,81.7,A
2024-10-19 21:00:00,SOLUSDT,2024-10-19 23:00:00,159.7,152.7424,160.3792,4.357,0.21,1.758,RANGING,1.4173,60.4,B
2024-10-27 08:00:00,SOLUSDT,2024-10-27 10:00:00,173.57,169.349,174.6661,2.432,-9.779,1.972,RANGING,21.6145,84.6,A
2024-12-11 00:00:00,SOLUSDT,2024-12-11 02:00:00,215.9,202.1541,223.2726,6.367,-0.298,1.432,TRENDING,1.9348,51.5,C
2024-12-25 01:00:00,SOLUSDT,2024-12-25 03:00:00,199.78,192.244,202.0294,3.772,-0.716,1.906,TRENDING,3.3408,58.6,B
2023-06-13 20:00:00,BNBUSDT,2023-06-13 22:00:00,241.18,232.9394,242.9798,3.417,-0.909,3.723,RANGING,7.1814,100.0,A
2023-08-08 06:00:00,BNBUSDT,2023-08-08 08:00:00,243.09,240.1731,244.0725,1.2,-1.062,1.469,RANGING,3.0421,77.0,A
2023-08-11 23:00:00,BNBUSDT,2023-08-12 01:00:00,240.13,236.7602,242.5399,1.403,-1.952,4.685,RANGING,13.8865,100.0,A
2023-10-11 00:00:00,BNBUSDT,2023-10-11 02:00:00,206.14,206.0944,208.1008,0.022,-0.39,1.362,RANGING,1.8982,75.4,A
2023-12-12 23:00:00,BNBUSDT,2023-12-13 01:00:00,248.88,247.2874,256.2527,0.64,-0.337,1.05,TRENDING,1.4255,45.7,C
2023-12-28 11:00:00,BNBUSDT,2023-12-28 13:00:00,334.62,318.6786,338.0322,4.764,-2.677,2.107,TRENDING,7.9302,61.6,B
2024-01-15 04:00:00,BNBUSDT,2024-01-15 06:00:00,317.5,297.3955,327.5985,6.332,0.0,1.302,TRENDING,1.3487,49.5,C
2024-03-12 02:00:00,BNBUSDT,2024-03-12 04:00:00,541.28,509.6291,546.6491,5.847,0.01,1.022,TRENDING,1.0383,44.4,C
2024-03-15 13:00:00,BNBUSDT,2024-03-15 15:00:00,597.05,539.29,636.8989,9.674,0.044,1.007,TRENDING,1.0116,40.7,C
2024-03-21 10:00:00,BNBUSDT,2024-03-21 12:00:00,559.47,538.4044,570.7251,3.765,-0.417,1.014,RANGING,1.4864,70.2,B
2024-04-12 04:00:00,BNBUSDT,2024-04-12 06:00:00,624.9,595.2588,643.2012,4.743,-0.25,1.869,RANGING,2.3965,83.0,A
2024-04-22 00:00:00,BNBUSDT,2024-04-22 02:00:00,582.97,563.3391,590.4553,3.367,0.135,1.511,RANGING,1.3366,64.1,B
2024-04-23 17:00:00,BNBUSDT,2024-04-23 19:00:00,608.6,595.5075,622.1179,2.151,0.244,1.454,RANGING,1.1136,52.4,C
2024-05-08 19:00:00,BNBUSDT,2024-05-08 21:00:00,587.08,575.9159,592.9568,1.902,-0.448,2.461,TRENDING,3.5898,66.9,B
2024-09-08 04:00:00,BNBUSDT,2024-09-08 06:00:00,497.41,487.8784,506.9345,1.916,0.108,1.541,RANGING,1.3908,67.3,B
2024-09-13 11:00:00,BNBUSDT,2024-09-13 13:00:00,552.46,535.7378,554.5365,3.027,0.293,2.145,RANGING,1.5328,57.8,B
2024-09-21 00:00:00,BNBUSDT,2024-09-21 02:00:00,568.7,561.3292,579.9859,1.296,0.129,2.627,RANGING,2.3031,81.5,A
2024-09-22 20:00:00,BNBUSDT,2024-09-22 22:00:00,588.27,574.4135,598.8388,2.355,-0.534,2.8,RANGING,4.3619,97.0,A
2024-09-27 02:00:00,BNBUSDT,2024-09-27 04:00:00,603.9,588.3734,607.4462,2.571,-0.248,1.342,TRENDING,1.694,50.1,C
2024-10-06 08:00:00,BNBUSDT,2024-10-06 10:00:00,561.5,555.21,563.9908,1.12,-0.186,1.515,RANGING,1.8068,77.7,A
2024-11-30 06:00:00,BNBUSDT,2024-11-30 08:00:00,669.16,645.1381,672.2733,3.59,0.265,2.018,RANGING,1.5059,58.8,B
2024-12-02 00:00:00,BNBUSDT,2024-12-02 02:00:00,662.99,648.6504,669.8881,2.163,0.244,1.044,RANGING,0.7935,46.3,C
2024-12-04 23:00:00,BNBUSDT,2024-12-05 01:00:00,703.27,718.0616,748.0627,-2.103,-0.45,1.232,RANGING,1.8017,73.5,B
2024-12-21 03:00:00,BNBUSDT,2024-12-21 05:00:00,692.78,661.1576,715.1236,4.565,-2.261,1.198,TRENDING,4.0002,48.0,C
2023-03-18 22:00:00,AVAXUSDT,2023-03-19 00:00:00,17.172,16.7409,17.508,2.511,0.199,1.958,TRENDING,1.5914,39.5,C
2023-04-14 23:00:00,AVAXUSDT,2023-04-15 01:00:00,19.132,18.3578,19.6384,4.047,-0.052,3.966,TRENDING,4.2989,75.0,A
2023-05-25 14:00:00,AVAXUSDT,2023-05-25 16:00:00,14.079,13.5758,14.2813,3.574,0.239,1.536,TRENDING,1.2021,29.2,C
2023-06-24 12:00:00,AVAXUSDT,2023-06-24 14:00:00,13.115,13.0325,13.2068,0.629,0.19,1.206,RANGING,0.9768,54.1,C
2023-07-03 03:00:00,AVAXUSDT,2023-07-03 05:00:00,13.254,12.736,13.465,3.908,-0.26,1.092,RANGING,1.4239,71.4,B
2023-07-08 00:00:00,AVAXUSDT,2023-07-08 02:00:00,13.009,12.4952,13.1223,3.949,-3.891,4.273,RANGING,21.1614,100.0,A
2023-07-29 00:00:00,AVAXUSDT,2023-07-29 02:00:00,13.253,13.0355,13.3412,1.641,0.067,1.126,RANGING,1.0581,65.2,B
2023-08-15 14:00:00,AVAXUSDT,2023-08-15 16:00:00,12.219,12.1937,12.2838,0.207,0.274,2.314,RANGING,1.6819,62.3,B
2023-08-20 10:00:00,AVAXUSDT,2023-08-20 12:00:00,10.882,10.6754,10.9483,1.899,-0.419,3.169,RANGING,4.5272,100.0,A
2023-08-29 01:00:00,AVAXUSDT,2023-08-29 03:00:00,10.513,10.1878,10.6285,3.093,0.287,1.869,RANGING,1.3591,54.3,C
2023-09-06 22:00:00,AVAXUSDT,2023-09-07 00:00:00,9.943,9.6923,10.1833,2.521,0.172,1.217,TRENDING,1.0286,31.1,C
2023-09-12 00:00:00,AVAXUSDT,2023-09-12 02:00:00,9.237,9.0187,9.4067,2.364,0.125,1.477,TRENDING,1.3147,39.6,C
2023-09-15 07:00:00,AVAXUSDT,2023-09-15 09:00:00,9.337,9.2615,9.4037,0.809,-0.64,1.152,TRENDING,1.8891,47.3,C
2023-09-21 00:00:00,AVAXUSDT,2023-09-21 02:00:00,9.022,8.7739,9.1703,2.75,0.249,1.935,RANGING,1.4854,59.1,B
2023-10-04 05:00:00,AVAXUSDT,2023-10-04 07:00:00,9.613,9.0147,9.737,6.224,0.219,2.442,TRENDING,1.9596,44.7,C
2023-10-12 21:00:00,AVAXUSDT,2023-10-12 23:00:00,9.108,8.8306,9.2165,3.045,-1.332,1.598,RANGING,3.8148,79.0,A
2023-10-21 00:00:00,AVAXUSDT,2023-10-21 02:00:00,9.211,8.955,9.3577,2.779,-0.573,2.973,TRENDING,4.7859,74.6,B
2023-10-26 21:00:00,AVAXUSDT,2023-10-26 23:00:00,11.051,10.2216,11.235,7.505,-0.069,1.633,RANGING,1.8337,79.5,A
2023-10-31 00:00:00,AVAXUSDT,2023-10-31 02:00:00,11.514,11.2644,11.7552,2.168,0.094,1.908,RANGING,1.7433,74.3,B
2023-11-10 08:00:00,AVAXUSDT,2023-11-10 10:00:00,13.344,12.2554,13.3897,8.158,-2.415,1.181,RANGING,4.2643,72.7,B
2023-11-30 06:00:00,AVAXUSDT,2023-11-30 08:00:00,20.957,20.7318,21.1089,1.074,0.294,1.005,RANGING,0.7189,40.7,C
2023-11-30 20:00:00,AVAXUSDT,2023-11-30 22:00:00,21.366,20.7139,21.6033,3.052,-2.727,5.371,RANGING,20.2405,100.0,A
2023-12-04 20:00:00,AVAXUSDT,2023-12-04 22:00:00,22.178,20.1517,22.7111,9.136,-0.625,1.671,TRENDING,2.9138,55.1,B
2023-12-09 06:00:00,AVAXUSDT,2023-12-09 08:00:00,32.608,26.8879,32.8017,17.542,-1.837,1.703,TRENDING,5.6634,55.5,B
2023-12-21 01:00:00,AVAXUSDT,2023-12-21 03:00:00,44.217,41.999,44.5744,5.016,-0.378,2.099,RANGING,2.9653,86.5,A
2023-12-24 04:00:00,AVAXUSDT,2023-12-24 06:00:00,47.26,44.0835,47.5902,6.721,-2.617,1.902,RANGING,7.4069,83.5,A
2024-01-01 09:00:00,AVAXUSDT,2024-01-01 11:00:00,39.572,37.8856,40.2483,4.262,-0.926,4.237,RANGING,8.2994,100.0,A
2024-01-09 04:00:00,AVAXUSDT,2024-01-09 06:00:00,36.833,34.825,37.4932,5.452,-1.736,2.972,TRENDING,8.335,74.6,B
2024-01-26 06:00:00,AVAXUSDT,2024-01-26 08:00:00,30.867,29.9604,31.0762,2.937,-0.502,1.959,RANGING,2.9933,84.4,A
2024-03-01 22:00:00,AVAXUSDT,2024-03-02 00:00:00,43.086,41.1781,44.4947,4.428,0.124,1.558,RANGING,1.3892,66.0,B
2024-03-06 08:00:00,AVAXUSDT,2024-03-06 10:00:00,40.812,37.7404,44.8912,7.526,0.28,1.422,TRENDING,1.1078,23.4,C
2024-03-07 11:00:00,AVAXUSDT,2024-03-07 13:00:00,43.51,41.4925,44.7736,4.637,0.124,2.082,RANGING,1.8606,73.8,B
2024-03-10 07:00:00,AVAXUSDT,2024-03-10 09:00:00,43.025,42.5542,44.1288,1.094,-0.101,1.96,TRENDING,2.1793,59.4,B
2024-03-12 00:00:00,AVAXUSDT,2024-03-12 02:00:00,50.619,39.8,50.9028,21.373,-0.973,1.25,TRENDING,2.9668,48.8,C
2024-03-12 02:00:00,AVAXUSDT,2024-03-12 04:00:00,48.582,39.8,49.0639,18.077,-0.349,1.125,TRENDING,1.8452,46.9,C
2024-03-15 01:00:00,AVAXUSDT,2024-03-15 03:00:00,54.23,50.2694,57.9059,7.303,-1.131,2.304,TRENDING,5.2727,64.6,B
2024-03-25 07:00:00,AVAXUSDT,2024-03-25 09:00:00,57.454,52.1878,58.0235,9.166,0.15,2.119,TRENDING,1.9212,46.8,C
2024-03-28 22:00:00,AVAXUSDT,2024-03-29 00:00:00,54.417,53.4902,54.9407,1.703,0.033,1.101,RANGING,1.0731,68.2,B
2024-05-18 00:00:00,AVAXUSDT,2024-05-18 02:00:00,37.287,36.027,37.885,3.379,-1.323,1.979,TRENDING,4.6115,59.7,B
2024-05-28 00:00:00,AVAXUSDT,2024-05-28 02:00:00,37.706,37.5155,37.9574,0.505,-1.212,1.245,RANGING,2.7658,73.7,B
2024-06-13 00:00:00,AVAXUSDT,2024-06-13 02:00:00,32.683,32.2589,33.4968,1.298,0.053,1.948,TRENDING,1.8806,53.9,C
2024-06-19 00:00:00,AVAXUSDT,2024-06-19 02:00:00,26.89,25.4252,27.5858,5.447,-0.108,1.084,TRENDING,1.2396,46.3,C
2024-06-19 01:00:00,AVAXUSDT,2024-06-19 03:00:00,26.991,25.4252,27.6223,5.801,-0.421,1.022,TRENDING,1.5083,45.3,C
2024-06-26 05:00:00,AVAXUSDT,2024-06-26 07:00:00,26.016,25.1407,26.0589,3.365,-1.434,1.49,TRENDING,3.6283,52.3,C
2024-07-02 12:00:00,AVAXUSDT,2024-07-02 14:00:00,28.261,27.9356,28.5905,1.151,-2.19,1.095,RANGING,3.5032,71.4,B
2024-07-16 19:00:00,AVAXUSDT,2024-07-16 21:00:00,28.18,26.87,29.5841,4.649,-3.601,1.538,TRENDING,7.3419,53.1,C
2024-09-12 12:00:00,AVAXUSDT,2024-09-12 14:00:00,23.536,23.3099,23.624,0.961,0.183,2.992,RANGING,2.4449,81.6,A
2024-09-15 00:00:00,AVAXUSDT,2024-09-15 02:00:00,25.11,25.0372,25.5116,0.29,-2.851,1.495,RANGING,5.7655,77.4,A
2024-10-13 00:00:00,AVAXUSDT,2024-10-13 02:00:00,28.989,27.9555,29.1876,3.565,-0.829,2.616,TRENDING,4.8452,69.2,B
2024-12-02 21:00:00,AVAXUSDT,2024-12-02 23:00:00,52.312,46.6158,53.2014,10.889,-0.718,6.655,RANGING,11.7213,100.0,A
2024-12-04 06:00:00,AVAXUSDT,2024-12-04 08:00:00,54.407,47.6267,55.5533,12.462,-2.058,1.603,RANGING,5.3831,79.0,A
2023-05-11 08:00:00,MATICUSDT,2023-05-11 10:00:00,0.8592,0.8241,0.8606,4.09,-0.086,1.691,TRENDING,1.8824,55.4,B
2023-05-25 06:00:00,MATICUSDT,2023-05-25 08:00:00,0.8783,0.8467,0.8988,3.593,-1.342,2.039,TRENDING,4.9038,60.6,B
2023-07-08 00:00:00,MATICUSDT,2023-07-08 02:00:00,0.6818,0.6642,0.6877,2.587,-0.678,1.088,RANGING,1.8473,71.3,B
2023-09-06 00:00:00,MATICUSDT,2023-09-06 02:00:00,0.5664,0.5509,0.5708,2.731,-1.768,1.264,RANGING,3.51,74.0,B
2023-09-29 07:00:00,MATICUSDT,2023-09-29 09:00:00,0.5212,0.4979,0.5305,4.471,-0.023,1.171,TRENDING,1.2511,47.6,C
2023-10-26 03:00:00,MATICUSDT,2023-10-26 05:00:00,0.6389,0.6204,0.6551,2.898,0.002,1.241,TRENDING,1.2625,48.4,C
2023-11-12 17:00:00,MATICUSDT,2023-11-12 19:00:00,0.8799,0.8179,0.8854,7.047,-6.126,3.633,RANGING,26.4738,100.0,A
2023-12-11 00:00:00,MATICUSDT,2023-12-11 02:00:00,0.8596,0.8889,0.8629,-3.412,0.242,2.689,RANGING,2.1054,71.1,B
2023-12-12 00:00:00,MATICUSDT,2023-12-12 02:00:00,0.8598,0.8072,0.9081,6.113,0.277,1.012,TRENDING,0.7581,17.5,C
2023-12-24 17:00:00,MATICUSDT,2023-12-24 19:00:00,0.8843,0.8266,0.8916,6.52,-15.998,1.537,RANGING,26.7073,78.1,A
2024-01-14 16:00:00,MATICUSDT,2024-01-14 18:00:00,0.865,0.8563,0.8718,1.006,-0.265,1.25,RANGING,1.5848,73.8,B
2024-02-25 23:00:00,MATICUSDT,2024-02-26 01:00:00,0.9951,0.9592,1.0086,3.61,0.084,1.71,TRENDING,1.6025,47.3,C
2024-03-03 05:00:00,MATICUSDT,2024-03-03 07:00:00,1.0574,1.0713,1.064,-1.316,-2.663,4.306,RANGING,15.988,100.0,A
2024-05-01 12:00:00,MATICUSDT,2024-05-01 14:00:00,0.6732,0.6282,0.6984,6.678,-0.52,1.335,TRENDING,2.1125,50.0,C
2024-05-16 23:00:00,MATICUSDT,2024-05-17 01:00:00,0.6957,0.6628,0.7062,4.733,0.065,1.072,TRENDING,1.0398,39.5,C
2024-05-28 00:00:00,MATICUSDT,2024-05-28 02:00:00,0.7412,0.7318,0.7461,1.265,-0.114,1.984,RANGING,2.2323,84.8,A
2024-05-31 00:00:00,MATICUSDT,2024-05-31 02:00:00,0.698,0.6838,0.7048,2.04,-0.084,1.155,RANGING,1.2597,72.3,B
2024-06-08 00:00:00,MATICUSDT,2024-06-08 02:00:00,0.6674,0.6103,0.6824,8.551,0.128,1.576,TRENDING,1.4864,40.9,C
2024-06-10 18:00:00,MATICUSDT,2024-06-10 20:00:00,0.6489,0.6381,0.6577,1.665,0.217,12.887,TRENDING,10.24,53.3,C
2024-06-13 21:00:00,MATICUSDT,2024-06-13 23:00:00,0.6045,0.5968,0.6145,1.274,0.266,1.107,TRENDING,0.8136,20.0,C
2024-06-19 00:00:00,MATICUSDT,2024-06-19 02:00:00,0.5708,0.5279,0.5856,7.508,-0.859,1.593,TRENDING,3.0914,53.9,C
2024-07-09 22:00:00,MATICUSDT,2024-07-10 00:00:00,0.4943,0.4906,0.508,0.742,-0.125,1.565,RANGING,1.7784,78.5,A
2024-07-25 12:00:00,MATICUSDT,2024-07-25 14:00:00,0.5014,0.4933,0.5044,1.611,-2.748,2.121,TRENDING,7.9703,61.8,B
2024-07-30 05:00:00,MATICUSDT,2024-07-30 07:00:00,0.5237,0.5036,0.5313,3.844,-0.45,2.229,TRENDING,3.2851,63.4,B
2023-06-09 07:00:00,ARBUSDT,2023-06-09 09:00:00,1.1411,1.1055,1.1572,3.116,-0.223,1.038,RANGING,1.2841,70.6,B
2023-06-13 07:00:00,ARBUSDT,2023-06-13 09:00:00,1.0087,0.9629,1.0236,4.544,-0.534,1.068,RANGING,1.6955,71.0,B
2023-06-30 00:00:00,ARBUSDT,2023-06-30 02:00:00,1.1604,1.1101,1.1725,4.333,-0.621,1.272,RANGING,2.0813,74.1,B
2023-07-04 03:00:00,ARBUSDT,2023-07-04 05:00:00,1.1794,1.1506,1.1974,2.44,-0.878,2.993,TRENDING,5.6559,74.9,B
2023-07-08 00:00:00,ARBUSDT,2023-07-08 02:00:00,1.1378,1.1011,1.1477,3.228,-0.34,1.034,RANGING,1.4145,70.5,B
2023-07-16 09:00:00,ARBUSDT,2023-07-16 11:00:00,1.3008,1.2238,1.3164,5.916,-2.155,2.73,TRENDING,8.8939,70.9,B
2023-07-17 04:00:00,ARBUSDT,2023-07-17 06:00:00,1.3203,1.2518,1.3315,5.187,-2.823,1.642,RANGING,6.5376,79.6,A
2023-08-12 07:00:00,ARBUSDT,2023-08-12 09:00:00,1.159,1.1491,1.162,0.852,0.061,1.069,RANGING,1.005,65.0,B
2023-08-16 00:00:00,ARBUSDT,2023-08-16 02:00:00,1.1304,1.1054,1.14,2.208,-0.586,1.717,RANGING,2.7637,80.8,A
2023-09-12 00:00:00,ARBUSDT,2023-09-12 02:00:00,0.77,0.7351,0.7841,4.532,-0.773,1.082,TRENDING,1.9555,46.2,C
2023-09-29 06:00:00,ARBUSDT,2023-09-29 08:00:00,0.8976,0.8125,0.9082,9.479,-1.927,1.431,TRENDING,4.5945,51.5,C
2023-10-26 03:00:00,ARBUSDT,2023-10-26 05:00:00,0.9522,0.8828,0.9764,7.292,-2.687,3.097,TRENDING,11.9003,75.0,A
2023-11-03 16:00:00,ARBUSDT,2023-11-03 18:00:00,1.0355,0.9323,1.06,9.965,-2.897,2.622,TRENDING,10.7189,69.3,B
2023-11-25 03:00:00,ARBUSDT,2023-11-25 05:00:00,1.0698,1.0356,1.0796,3.197,-0.337,1.637,TRENDING,2.2405,54.6,C
2023-12-07 04:00:00,ARBUSDT,2023-12-07 06:00:00,1.0799,1.0504,1.0939,2.73,0.208,3.159,TRENDING,2.5376,54.2,C
2023-12-12 02:00:00,ARBUSDT,2023-12-12 04:00:00,1.1353,1.0513,1.2052,7.397,0.228,1.801,TRENDING,1.4604,34.2,C
2023-12-19 12:00:00,ARBUSDT,2023-12-19 14:00:00,1.0908,1.0924,1.0957,-0.148,0.13,4.004,TRENDING,3.4995,62.0,B
2024-03-10 07:00:00,ARBUSDT,2024-03-10 09:00:00,2.0849,2.0577,2.1384,1.307,-0.665,2.16,TRENDING,3.615,62.4,B
2024-03-13 00:00:00,ARBUSDT,2024-03-13 02:00:00,2.0692,1.8905,2.1993,8.636,0.05,3.791,TRENDING,3.8268,70.0,B
2024-03-15 00:00:00,ARBUSDT,2024-03-15 02:00:00,1.9424,1.9204,2.0856,1.135,0.272,1.126,TRENDING,0.8542,19.7,C
2024-04-09 12:00:00,ARBUSDT,2024-04-09 14:00:00,1.5279,1.5009,1.5673,1.77,-0.763,1.409,TRENDING,2.5689,51.1,C
2024-04-22 00:00:00,ARBUSDT,2024-04-22 02:00:00,1.1929,1.1641,1.2082,2.418,0.278,1.148,RANGING,0.8409,44.4,C
2024-05-01 12:00:00,ARBUSDT,2024-05-01 14:00:00,1.0208,0.9641,1.0589,5.559,-0.972,2.734,TRENDING,5.6535,71.0,B
2024-05-18 00:00:00,ARBUSDT,2024-05-18 02:00:00,1.023,0.9659,1.0394,5.577,0.16,2.774,TRENDING,2.4476,55.6,B
2024-05-20 00:00:00,ARBUSDT,2024-05-20 02:00:00,0.9688,0.9576,0.9819,1.157,-0.103,1.467,RANGING,1.6197,77.0,A
2024-05-28 00:00:00,ARBUSDT,2024-05-28 02:00:00,1.2058,1.2073,1.2138,-0.127,-0.814,1.119,RANGING,2.0307,71.8,B
2024-06-01 21:00:00,ARBUSDT,2024-06-01 23:00:00,1.1341,1.1183,1.1391,1.395,0.27,2.136,RANGING,1.5671,60.1,B
2024-06-03 00:00:00,ARBUSDT,2024-06-03 02:00:00,1.1266,1.0855,1.1408,3.644,-1.06,2.088,RANGING,4.3382,86.3,A
2024-06-05 00:00:00,ARBUSDT,2024-06-05 02:00:00,1.1156,1.0927,1.1324,2.052,0.23,1.726,TRENDING,1.3419,32.9,C
2024-06-19 01:00:00,ARBUSDT,2024-06-19 03:00:00,0.8271,0.7638,0.8464,7.658,-3.259,1.728,TRENDING,7.6413,55.9,B
2024-06-22 16:00:00,ARBUSDT,2024-06-22 18:00:00,0.8057,0.7872,0.8078,2.291,-3.316,1.163,RANGING,5.1095,72.4,B
2024-07-07 12:00:00,ARBUSDT,2024-07-07 14:00:00,0.6656,0.6737,0.6705,-1.219,-0.284,2.675,RANGING,3.4797,95.1,A
2024-07-31 00:00:00,ARBUSDT,2024-07-31 02:00:00,0.6775,0.6607,0.694,2.483,-0.482,1.011,TRENDING,1.5166,45.2,C
2024-09-08 04:00:00,ARBUSDT,2024-09-08 06:00:00,0.5064,0.4945,0.5161,2.347,-2.95,2.359,RANGING,9.4363,90.4,A
2024-12-04 06:00:00,ARBUSDT,2024-12-04 08:00:00,1.1037,0.9575,1.127,13.247,-0.566,1.772,RANGING,3.0905,81.6,A
